location_id,admin1,months_seen,months_expected,avg_conflict,has_market,gap
SO_OODWEYNE,Togdheer,1,6.833126330181468,0.08333333333333333,0,-5.833126330181468
SO_BULO_BURTO,Hiiraan,4,9.473213803023679,7.583333333333333,1,-5.473213803023679
SO_BADHAADHE,Jubbada Hoose,3,8.202994548484702,5.416666666666667,0,-5.2029945484847016
SO_TALEEX,Sool,2,7.012380323641516,0.0,1,-5.012380323641516
SO_CEEL_DHEER,Galguduud,3,7.810567697387401,8.416666666666666,0,-4.810567697387401
SO_CEEL_BUUR,Galguduud,1,5.711630659512097,1.9166666666666667,0,-4.711630659512097
SO_XARARDHEERE,Mudug,3,7.700416654618506,5.833333333333333,0,-4.700416654618506
SO_CEEL_WAAQ,Gedo,6,10.387905599926786,2.1666666666666665,1,-4.3879055999267855
SO_BARAAWE,Shabeellaha Hoose,2,6.206664741709864,5.916666666666667,0,-4.206664741709864
SO_CADALE,Shabeellaha Dhexe,3,7.042761577630731,0.9166666666666666,1,-4.042761577630731
SO_CEEL_BARDE,Bakool,2,5.845748264378328,0.75,1,-3.8457482643783276
SO_QANSAX_DHEERE,Bay,5,8.614048713359578,3.8333333333333335,1,-3.614048713359578
SO_CEEL_AFWEIN,Sanaag,4,7.367526937149439,0.5833333333333334,0,-3.3675269371494387
SO_DIINSOOR,Bay,6,9.266613896158843,5.75,1,-3.2666138961588427
SO_AADAN,Shabeellaha Dhexe,2,5.167831994638232,4.083333333333333,0,-3.167831994638232
SO_BANDER_BEYLA,Bari,0,3.085033847606691,0.0,0,-3.085033847606691
SO_BURTINLE,Nugaal,6,8.984454075322624,0.25,1,-2.984454075322624
SO_RAB_DHUURE,Bakool,3,5.696409472916918,0.5833333333333334,1,-2.696409472916918
SO_BELET_XAAWO,Gedo,8,10.358833214576807,1.9166666666666667,1,-2.3588332145768067
SO_KUNTUWAARAY,Shabeellaha Hoose,1,3.283386437756894,0.3333333333333333,0,-2.283386437756894
SO_BUAALE,Jubbada Dhexe,1,3.1560668641294263,0.25,0,-2.1560668641294263
SO_LUGHAYA,Awdal,1,2.5963866393622643,0.16666666666666666,0,-1.5963866393622643
SO_ZEYLAC,Awdal,1,2.455591946965133,0.0,0,-1.455591946965133
SO_ISKUSHUBAN,Bari,2,3.4392452321381417,0.3333333333333333,0,-1.4392452321381417
SO_XUDUN,Sool,6,7.01689243941957,0.0,1,-1.0168924394195704
SO_BERBERA,Woqooyi Galbeed,9,9.88013204125372,0.0,1,-0.8801320412537201
SO_HOBYO,Mudug,8,8.840549724068604,1.5833333333333333,1,-0.8405497240686035
SO_QANDALA,Bari,3,3.7709611152491123,0.6666666666666666,0,-0.7709611152491123
SO_SAAKOW,Jubbada Dhexe,3,3.428026667267226,0.6666666666666666,0,-0.42802666726722594
SO_JARIIBAN,Mudug,5,5.2168524142809805,0.5833333333333334,0,-0.21685241428098045
SO_CALAWLA,Bari,3,3.2047556287977015,0.16666666666666666,0,-0.20475562879770148
SO_SABLALE,Shabeellaha Hoose,3,3.1067638320426725,0.08333333333333333,0,-0.10676383204267248
SO_GARBAHAARAY,Gedo,8,7.868583509751625,2.0833333333333335,0,0.13141649024837498
SO_QORYOOLEY,Shabeellaha Hoose,7,6.861819781370899,7.75,0,0.1381802186291008
SO_CEERIGAABO,Sanaag,11,10.664721340546055,4.583333333333333,1,0.3352786594539445
SO_HARGEYSA,Woqooyi Galbeed,11,10.638388351643192,1.8333333333333333,1,0.36161164835680815
SO_GABILEY,Woqooyi Galbeed,8,7.481479607103088,0.16666666666666666,0,0.518520392896912
SO_BUUHOODLE,Togdheer,9,8.355037726072403,2.5,0,0.6449622739275966
SO_LUUQ,Gedo,11,10.29028065436595,2.5833333333333335,1,0.7097193456340491
SO_BURCO,Togdheer,11,10.100725582951961,1.1666666666666667,1,0.8992744170480389
SO_WANLA_WEYN,Shabeellaha Hoose,6,5.005026521874513,2.8333333333333335,0,0.9949734781254866
SO_KISMAAYO,Jubbada Hoose,12,10.996910189054827,10.916666666666666,1,1.0030898109451734
SO_EYL,Nugaal,10,8.958333911846687,0.25,1,1.0416660881533133
SO_AFMADOW,Jubbada Hoose,12,10.571280101099157,6.416666666666667,1,1.4287198989008427
SO_BAYDHABA,Bay,12,10.570277147915386,20.25,1,1.4297228520846144
SO_BORAMA,Awdal,8,6.502263934438236,1.3333333333333333,1,1.4977360655617638
SO_BAKI,Awdal,4,2.445757479234364,0.0,0,1.5542425207656358
SO_TIYEEGLOW,Bakool,4,2.4343867585300334,0.16666666666666666,0,1.5656132414699666
SO_LAAS_CAANOOD,Sool,10,8.269720540376728,1.3333333333333333,1,1.7302794596232722
SO_WAJID,Bakool,7,5.071758207952047,4.666666666666667,0,1.9282417920479533
SO_DOOLOW,Gedo,12,10.068386294735612,1.0833333333333333,1,1.9316137052643878
SO_GAROOWE,Nugaal,12,10.05721201283069,2.5,1,1.9427879871693108
SO_BELET_WEYNE,Hiiraan,12,9.73272800313459,8.416666666666666,1,2.2672719968654107
SO_GAALKACYO,Mudug,12,9.714226162249785,3.5,1,2.285773837750215
SO_QARDHO,Bari,9,6.60993430179135,0.25,1,2.39006569820865
SO_MARKA,Shabeellaha Hoose,11,8.49170337088368,20.166666666666668,0,2.5082966291163196
SO_JILIB,Jubbada Dhexe,7,4.415906468603348,1.9166666666666667,0,2.584093531396652
SO_DHUUSAMAREEB,Galguduud,9,6.279962265546692,2.5833333333333335,0,2.7200377344533084
SO_JAMAAME,Jubbada Hoose,12,9.228815161361316,8.5,0,2.7711848386386837
SO_CABUDWAAQ,Galguduud,12,9.204763278869576,3.25,1,2.795236721130424
SO_AFGOOYE,Shabeellaha Hoose,12,9.04463531436148,28.416666666666668,0,2.9553646856385196
SO_JOWHAR,Shabeellaha Dhexe,12,9.001003583306876,5.75,1,2.9989964166931244
SO_BADHAN,Sanaag,10,6.967751722304505,0.16666666666666666,0,3.032248277695495
SO_XUDUR,Bakool,12,8.951697296222676,8.25,1,3.048302703777324
SO_BOSSASO,Bari,12,8.890069874417003,4.666666666666667,1,3.1099301255829968
SO_JALALAQSI,Hiiraan,11,7.794058193841731,2.0,1,3.205941806158269
SO_GOLDOGOB,Mudug,9,5.527955044782123,1.0833333333333333,0,3.4720449552178767
SO_BAAR_DHEERE,Gedo,12,8.026010726643221,2.3333333333333335,0,3.9739892733567785
SO_CADAADO,Galguduud,12,7.993076098684233,0.8333333333333334,1,4.006923901315767
SO_BALCAD,Shabeellaha Dhexe,11,6.788402844424161,9.25,0,4.211597155575839
SO_SHEEKH,Togdheer,11,6.711110360794167,0.0,0,4.288889639205833
SO_CAYNABO,Sool,9,4.701006696562187,0.9166666666666666,0,4.298993303437813
SO_BUUR_XAKABA,Bay,10,4.549060242566195,1.6666666666666667,0,5.450939757433805
