location_id,time_id,reports_mentioning_district_count,food_nutrition_report_count
SO_AADAN,202401,0,0
SO_AADAN,202402,0,0
SO_AADAN,202403,0,0
SO_AADAN,202404,0,0
SO_AADAN,202405,0,0
SO_AADAN,202406,0,0
SO_AADAN,202407,1,0
SO_AADAN,202408,0,0
SO_AADAN,202409,0,0
SO_AADAN,202410,1,1
SO_AADAN,202411,0,0
SO_AADAN,202412,0,0
SO_AFGOOYE,202401,4,2
SO_AFGOOYE,202402,3,1
SO_AFGOOYE,202403,5,3
SO_AFGOOYE,202404,6,2
SO_AFGOOYE,202405,5,1
SO_AFGOOYE,202406,4,1
SO_AFGOOYE,202407,7,3
SO_AFGOOYE,202408,5,4
SO_AFGOOYE,202409,4,3
SO_AFGOOYE,202410,5,5
SO_AFGOOYE,202411,6,5
SO_AFGOOYE,202412,6,5
SO_AFMADOW,202401,5,1
SO_AFMADOW,202402,2,2
SO_AFMADOW,202403,2,0
SO_AFMADOW,202404,6,3
SO_AFMADOW,202405,6,4
SO_AFMADOW,202406,5,4
SO_AFMADOW,202407,8,3
SO_AFMADOW,202408,4,4
SO_AFMADOW,202409,2,2
SO_AFMADOW,202410,6,6
SO_AFMADOW,202411,8,7
SO_AFMADOW,202412,5,5
SO_BAAR_DHEERE,202401,9,5
SO_BAAR_DHEERE,202402,4,3
SO_BAAR_DHEERE,202403,3,3
SO_BAAR_DHEERE,202404,6,4
SO_BAAR_DHEERE,202405,6,4
SO_BAAR_DHEERE,202406,8,6
SO_BAAR_DHEERE,202407,9,5
SO_BAAR_DHEERE,202408,8,6
SO_BAAR_DHEERE,202409,3,2
SO_BAAR_DHEERE,202410,9,7
SO_BAAR_DHEERE,202411,6,5
SO_BAAR_DHEERE,202412,8,7
SO_BADHAADHE,202401,0,0
SO_BADHAADHE,202402,1,1
SO_BADHAADHE,202403,0,0
SO_BADHAADHE,202404,0,0
SO_BADHAADHE,202405,0,0
SO_BADHAADHE,202406,0,0
SO_BADHAADHE,202407,0,0
SO_BADHAADHE,202408,0,0
SO_BADHAADHE,202409,0,0
SO_BADHAADHE,202410,1,0
SO_BADHAADHE,202411,3,0
SO_BADHAADHE,202412,0,0
SO_BADHAN,202401,1,1
SO_BADHAN,202402,4,4
SO_BADHAN,202403,2,2
SO_BADHAN,202404,3,3
SO_BADHAN,202405,0,0
SO_BADHAN,202406,0,0
SO_BADHAN,202407,1,0
SO_BADHAN,202408,3,0
SO_BADHAN,202409,2,0
SO_BADHAN,202410,4,4
SO_BADHAN,202411,2,1
SO_BADHAN,202412,1,1
SO_BAKI,202401,0,0
SO_BAKI,202402,0,0
SO_BAKI,202403,1,0
SO_BAKI,202404,5,1
SO_BAKI,202405,1,0
SO_BAKI,202406,0,0
SO_BAKI,202407,0,0
SO_BAKI,202408,0,0
SO_BAKI,202409,0,0
SO_BAKI,202410,1,0
SO_BAKI,202411,0,0
SO_BAKI,202412,0,0
SO_BALCAD,202401,0,0
SO_BALCAD,202402,1,0
SO_BALCAD,202403,6,3
SO_BALCAD,202404,9,2
SO_BALCAD,202405,7,3
SO_BALCAD,202406,6,3
SO_BALCAD,202407,6,2
SO_BALCAD,202408,9,5
SO_BALCAD,202409,6,4
SO_BALCAD,202410,11,11
SO_BALCAD,202411,9,6
SO_BALCAD,202412,6,6
SO_BANADIR,202401,23,9
SO_BANADIR,202402,29,6
SO_BANADIR,202403,26,9
SO_BANADIR,202404,28,9
SO_BANADIR,202405,22,10
SO_BANADIR,202406,22,13
SO_BANADIR,202407,22,5
SO_BANADIR,202408,19,6
SO_BANADIR,202409,20,6
SO_BANADIR,202410,13,4
SO_BANADIR,202411,20,6
SO_BANADIR,202412,17,7
SO_BANDER_BEYLA,202401,0,0
SO_BANDER_BEYLA,202402,0,0
SO_BANDER_BEYLA,202403,0,0
SO_BANDER_BEYLA,202404,0,0
SO_BANDER_BEYLA,202405,0,0
SO_BANDER_BEYLA,202406,0,0
SO_BANDER_BEYLA,202407,0,0
SO_BANDER_BEYLA,202408,0,0
SO_BANDER_BEYLA,202409,0,0
SO_BANDER_BEYLA,202410,0,0
SO_BANDER_BEYLA,202411,0,0
SO_BANDER_BEYLA,202412,0,0
SO_BARAAWE,202401,0,0
SO_BARAAWE,202402,0,0
SO_BARAAWE,202403,0,0
SO_BARAAWE,202404,0,0
SO_BARAAWE,202405,0,0
SO_BARAAWE,202406,0,0
SO_BARAAWE,202407,3,0
SO_BARAAWE,202408,0,0
SO_BARAAWE,202409,0,0
SO_BARAAWE,202410,0,0
SO_BARAAWE,202411,1,0
SO_BARAAWE,202412,0,0
SO_BAYDHABA,202401,12,4
SO_BAYDHABA,202402,11,7
SO_BAYDHABA,202403,7,5
SO_BAYDHABA,202404,21,7
SO_BAYDHABA,202405,14,8
SO_BAYDHABA,202406,15,5
SO_BAYDHABA,202407,13,4
SO_BAYDHABA,202408,17,10
SO_BAYDHABA,202409,9,4
SO_BAYDHABA,202410,13,10
SO_BAYDHABA,202411,13,9
SO_BAYDHABA,202412,16,11
SO_BELET_WEYNE,202401,12,5
SO_BELET_WEYNE,202402,14,7
SO_BELET_WEYNE,202403,9,7
SO_BELET_WEYNE,202404,14,6
SO_BELET_WEYNE,202405,22,9
SO_BELET_WEYNE,202406,18,13
SO_BELET_WEYNE,202407,9,3
SO_BELET_WEYNE,202408,14,7
SO_BELET_WEYNE,202409,8,6
SO_BELET_WEYNE,202410,16,11
SO_BELET_WEYNE,202411,10,6
SO_BELET_WEYNE,202412,12,9
SO_BELET_XAAWO,202401,3,2
SO_BELET_XAAWO,202402,0,0
SO_BELET_XAAWO,202403,2,2
SO_BELET_XAAWO,202404,0,0
SO_BELET_XAAWO,202405,0,0
SO_BELET_XAAWO,202406,0,0
SO_BELET_XAAWO,202407,3,1
SO_BELET_XAAWO,202408,5,5
SO_BELET_XAAWO,202409,2,2
SO_BELET_XAAWO,202410,5,4
SO_BELET_XAAWO,202411,5,4
SO_BELET_XAAWO,202412,3,3
SO_BERBERA,202401,1,0
SO_BERBERA,202402,3,0
SO_BERBERA,202403,1,1
SO_BERBERA,202404,6,3
SO_BERBERA,202405,1,0
SO_BERBERA,202406,2,2
SO_BERBERA,202407,0,0
SO_BERBERA,202408,0,0
SO_BERBERA,202409,1,0
SO_BERBERA,202410,1,1
SO_BERBERA,202411,1,0
SO_BERBERA,202412,0,0
SO_BORAMA,202401,0,0
SO_BORAMA,202402,1,0
SO_BORAMA,202403,1,0
SO_BORAMA,202404,3,0
SO_BORAMA,202405,1,0
SO_BORAMA,202406,2,2
SO_BORAMA,202407,0,0
SO_BORAMA,202408,0,0
SO_BORAMA,202409,0,0
SO_BORAMA,202410,1,0
SO_BORAMA,202411,1,0
SO_BORAMA,202412,1,0
SO_BOSSASO,202401,2,1
SO_BOSSASO,202402,2,1
SO_BOSSASO,202403,5,1
SO_BOSSASO,202404,8,2
SO_BOSSASO,202405,2,0
SO_BOSSASO,202406,6,5
SO_BOSSASO,202407,9,1
SO_BOSSASO,202408,4,0
SO_BOSSASO,202409,2,0
SO_BOSSASO,202410,6,2
SO_BOSSASO,202411,1,0
SO_BOSSASO,202412,5,5
SO_BUAALE,202401,0,0
SO_BUAALE,202402,0,0
SO_BUAALE,202403,0,0
SO_BUAALE,202404,4,2
SO_BUAALE,202405,0,0
SO_BUAALE,202406,0,0
SO_BUAALE,202407,0,0
SO_BUAALE,202408,0,0
SO_BUAALE,202409,0,0
SO_BUAALE,202410,0,0
SO_BUAALE,202411,0,0
SO_BUAALE,202412,0,0
SO_BULO_BURTO,202401,3,1
SO_BULO_BURTO,202402,0,0
SO_BULO_BURTO,202403,1,1
SO_BULO_BURTO,202404,2,0
SO_BULO_BURTO,202405,0,0
SO_BULO_BURTO,202406,0,0
SO_BULO_BURTO,202407,1,0
SO_BULO_BURTO,202408,0,0
SO_BULO_BURTO,202409,0,0
SO_BULO_BURTO,202410,0,0
SO_BULO_BURTO,202411,0,0
SO_BULO_BURTO,202412,0,0
SO_BURCO,202401,0,0
SO_BURCO,202402,2,1
SO_BURCO,202403,2,2
SO_BURCO,202404,4,3
SO_BURCO,202405,1,1
SO_BURCO,202406,2,1
SO_BURCO,202407,3,0
SO_BURCO,202408,1,0
SO_BURCO,202409,1,1
SO_BURCO,202410,2,2
SO_BURCO,202411,1,0
SO_BURCO,202412,6,5
SO_BURTINLE,202401,0,0
SO_BURTINLE,202402,0,0
SO_BURTINLE,202403,1,1
SO_BURTINLE,202404,1,0
SO_BURTINLE,202405,0,0
SO_BURTINLE,202406,2,1
SO_BURTINLE,202407,0,0
SO_BURTINLE,202408,1,0
SO_BURTINLE,202409,0,0
SO_BURTINLE,202410,3,1
SO_BURTINLE,202411,0,0
SO_BURTINLE,202412,1,1
SO_BUUHOODLE,202401,1,1
SO_BUUHOODLE,202402,2,0
SO_BUUHOODLE,202403,4,3
SO_BUUHOODLE,202404,0,0
SO_BUUHOODLE,202405,0,0
SO_BUUHOODLE,202406,3,2
SO_BUUHOODLE,202407,5,0
SO_BUUHOODLE,202408,2,0
SO_BUUHOODLE,202409,0,0
SO_BUUHOODLE,202410,1,0
SO_BUUHOODLE,202411,3,1
SO_BUUHOODLE,202412,2,2
SO_BUUR_XAKABA,202401,4,3
SO_BUUR_XAKABA,202402,3,1
SO_BUUR_XAKABA,202403,5,2
SO_BUUR_XAKABA,202404,4,0
SO_BUUR_XAKABA,202405,5,3
SO_BUUR_XAKABA,202406,3,1
SO_BUUR_XAKABA,202407,0,0
SO_BUUR_XAKABA,202408,1,1
SO_BUUR_XAKABA,202409,0,0
SO_BUUR_XAKABA,202410,2,1
SO_BUUR_XAKABA,202411,2,1
SO_BUUR_XAKABA,202412,6,3
SO_CABUDWAAQ,202401,4,3
SO_CABUDWAAQ,202402,4,2
SO_CABUDWAAQ,202403,3,2
SO_CABUDWAAQ,202404,3,2
SO_CABUDWAAQ,202405,5,4
SO_CABUDWAAQ,202406,4,3
SO_CABUDWAAQ,202407,7,0
SO_CABUDWAAQ,202408,8,3
SO_CABUDWAAQ,202409,4,3
SO_CABUDWAAQ,202410,10,9
SO_CABUDWAAQ,202411,6,5
SO_CABUDWAAQ,202412,5,5
SO_CADAADO,202401,2,1
SO_CADAADO,202402,1,1
SO_CADAADO,202403,2,2
SO_CADAADO,202404,7,5
SO_CADAADO,202405,5,3
SO_CADAADO,202406,5,3
SO_CADAADO,202407,2,1
SO_CADAADO,202408,5,1
SO_CADAADO,202409,2,0
SO_CADAADO,202410,5,5
SO_CADAADO,202411,1,1
SO_CADAADO,202412,2,2
SO_CADALE,202401,0,0
SO_CADALE,202402,1,0
SO_CADALE,202403,0,0
SO_CADALE,202404,0,0
SO_CADALE,202405,0,0
SO_CADALE,202406,0,0
SO_CADALE,202407,1,0
SO_CADALE,202408,0,0
SO_CADALE,202409,0,0
SO_CADALE,202410,1,1
SO_CADALE,202411,0,0
SO_CADALE,202412,0,0
SO_CALAWLA,202401,0,0
SO_CALAWLA,202402,0,0
SO_CALAWLA,202403,0,0
SO_CALAWLA,202404,0,0
SO_CALAWLA,202405,1,0
SO_CALAWLA,202406,0,0
SO_CALAWLA,202407,0,0
SO_CALAWLA,202408,0,0
SO_CALAWLA,202409,0,0
SO_CALAWLA,202410,0,0
SO_CALAWLA,202411,2,0
SO_CALAWLA,202412,1,1
SO_CAYNABO,202401,0,0
SO_CAYNABO,202402,1,0
SO_CAYNABO,202403,2,2
SO_CAYNABO,202404,1,0
SO_CAYNABO,202405,3,2
SO_CAYNABO,202406,1,0
SO_CAYNABO,202407,2,0
SO_CAYNABO,202408,0,0
SO_CAYNABO,202409,1,1
SO_CAYNABO,202410,0,0
SO_CAYNABO,202411,2,1
SO_CAYNABO,202412,1,1
SO_CEEL_AFWEIN,202401,0,0
SO_CEEL_AFWEIN,202402,0,0
SO_CEEL_AFWEIN,202403,0,0
SO_CEEL_AFWEIN,202404,0,0
SO_CEEL_AFWEIN,202405,1,0
SO_CEEL_AFWEIN,202406,1,0
SO_CEEL_AFWEIN,202407,2,0
SO_CEEL_AFWEIN,202408,0,0
SO_CEEL_AFWEIN,202409,0,0
SO_CEEL_AFWEIN,202410,0,0
SO_CEEL_AFWEIN,202411,0,0
SO_CEEL_AFWEIN,202412,1,1
SO_CEEL_BARDE,202401,0,0
SO_CEEL_BARDE,202402,0,0
SO_CEEL_BARDE,202403,0,0
SO_CEEL_BARDE,202404,0,0
SO_CEEL_BARDE,202405,0,0
SO_CEEL_BARDE,202406,0,0
SO_CEEL_BARDE,202407,0,0
SO_CEEL_BARDE,202408,0,0
SO_CEEL_BARDE,202409,0,0
SO_CEEL_BARDE,202410,0,0
SO_CEEL_BARDE,202411,1,0
SO_CEEL_BARDE,202412,1,1
SO_CEEL_BUUR,202401,0,0
SO_CEEL_BUUR,202402,0,0
SO_CEEL_BUUR,202403,0,0
SO_CEEL_BUUR,202404,0,0
SO_CEEL_BUUR,202405,0,0
SO_CEEL_BUUR,202406,0,0
SO_CEEL_BUUR,202407,0,0
SO_CEEL_BUUR,202408,0,0
SO_CEEL_BUUR,202409,0,0
SO_CEEL_BUUR,202410,1,0
SO_CEEL_BUUR,202411,0,0
SO_CEEL_BUUR,202412,0,0
SO_CEEL_DHEER,202401,0,0
SO_CEEL_DHEER,202402,0,0
SO_CEEL_DHEER,202403,1,1
SO_CEEL_DHEER,202404,4,3
SO_CEEL_DHEER,202405,1,1
SO_CEEL_DHEER,202406,0,0
SO_CEEL_DHEER,202407,0,0
SO_CEEL_DHEER,202408,0,0
SO_CEEL_DHEER,202409,0,0
SO_CEEL_DHEER,202410,0,0
SO_CEEL_DHEER,202411,0,0
SO_CEEL_DHEER,202412,0,0
SO_CEEL_WAAQ,202401,1,1
SO_CEEL_WAAQ,202402,0,0
SO_CEEL_WAAQ,202403,1,1
SO_CEEL_WAAQ,202404,0,0
SO_CEEL_WAAQ,202405,0,0
SO_CEEL_WAAQ,202406,0,0
SO_CEEL_WAAQ,202407,3,0
SO_CEEL_WAAQ,202408,1,1
SO_CEEL_WAAQ,202409,0,0
SO_CEEL_WAAQ,202410,0,0
SO_CEEL_WAAQ,202411,2,1
SO_CEEL_WAAQ,202412,1,0
SO_CEERIGAABO,202401,2,1
SO_CEERIGAABO,202402,1,1
SO_CEERIGAABO,202403,4,3
SO_CEERIGAABO,202404,1,0
SO_CEERIGAABO,202405,2,1
SO_CEERIGAABO,202406,1,1
SO_CEERIGAABO,202407,2,0
SO_CEERIGAABO,202408,2,0
SO_CEERIGAABO,202409,0,0
SO_CEERIGAABO,202410,2,1
SO_CEERIGAABO,202411,1,0
SO_CEERIGAABO,202412,5,3
SO_DHUUSAMAREEB,202401,0,0
SO_DHUUSAMAREEB,202402,1,1
SO_DHUUSAMAREEB,202403,1,1
SO_DHUUSAMAREEB,202404,2,1
SO_DHUUSAMAREEB,202405,0,0
SO_DHUUSAMAREEB,202406,1,1
SO_DHUUSAMAREEB,202407,0,0
SO_DHUUSAMAREEB,202408,4,4
SO_DHUUSAMAREEB,202409,3,3
SO_DHUUSAMAREEB,202410,5,4
SO_DHUUSAMAREEB,202411,5,5
SO_DHUUSAMAREEB,202412,3,3
SO_DIINSOOR,202401,0,0
SO_DIINSOOR,202402,0,0
SO_DIINSOOR,202403,2,1
SO_DIINSOOR,202404,1,0
SO_DIINSOOR,202405,0,0
SO_DIINSOOR,202406,0,0
SO_DIINSOOR,202407,1,0
SO_DIINSOOR,202408,0,0
SO_DIINSOOR,202409,2,0
SO_DIINSOOR,202410,0,0
SO_DIINSOOR,202411,1,0
SO_DIINSOOR,202412,1,1
SO_DOOLOW,202401,3,3
SO_DOOLOW,202402,1,0
SO_DOOLOW,202403,5,3
SO_DOOLOW,202404,2,2
SO_DOOLOW,202405,8,5
SO_DOOLOW,202406,5,2
SO_DOOLOW,202407,11,4
SO_DOOLOW,202408,7,5
SO_DOOLOW,202409,4,3
SO_DOOLOW,202410,8,5
SO_DOOLOW,202411,6,5
SO_DOOLOW,202412,4,3
SO_EYL,202401,0,0
SO_EYL,202402,1,0
SO_EYL,202403,1,1
SO_EYL,202404,2,0
SO_EYL,202405,1,0
SO_EYL,202406,0,0
SO_EYL,202407,1,0
SO_EYL,202408,1,0
SO_EYL,202409,3,1
SO_EYL,202410,2,1
SO_EYL,202411,3,1
SO_EYL,202412,4,2
SO_GAALKACYO,202401,6,2
SO_GAALKACYO,202402,4,4
SO_GAALKACYO,202403,2,1
SO_GAALKACYO,202404,9,5
SO_GAALKACYO,202405,9,6
SO_GAALKACYO,202406,13,10
SO_GAALKACYO,202407,7,3
SO_GAALKACYO,202408,4,4
SO_GAALKACYO,202409,7,3
SO_GAALKACYO,202410,7,6
SO_GAALKACYO,202411,7,5
SO_GAALKACYO,202412,8,8
SO_GABILEY,202401,0,0
SO_GABILEY,202402,1,1
SO_GABILEY,202403,2,0
SO_GABILEY,202404,2,1
SO_GABILEY,202405,1,1
SO_GABILEY,202406,2,2
SO_GABILEY,202407,1,1
SO_GABILEY,202408,0,0
SO_GABILEY,202409,0,0
SO_GABILEY,202410,2,1
SO_GABILEY,202411,0,0
SO_GABILEY,202412,1,0
SO_GARBAHAARAY,202401,1,0
SO_GARBAHAARAY,202402,0,0
SO_GARBAHAARAY,202403,1,1
SO_GARBAHAARAY,202404,3,2
SO_GARBAHAARAY,202405,1,1
SO_GARBAHAARAY,202406,1,0
SO_GARBAHAARAY,202407,1,1
SO_GARBAHAARAY,202408,0,0
SO_GARBAHAARAY,202409,0,0
SO_GARBAHAARAY,202410,3,0
SO_GARBAHAARAY,202411,1,0
SO_GARBAHAARAY,202412,0,0
SO_GAROOWE,202401,2,1
SO_GAROOWE,202402,6,3
SO_GAROOWE,202403,4,2
SO_GAROOWE,202404,8,2
SO_GAROOWE,202405,9,4
SO_GAROOWE,202406,8,7
SO_GAROOWE,202407,6,3
SO_GAROOWE,202408,6,5
SO_GAROOWE,202409,7,4
SO_GAROOWE,202410,9,7
SO_GAROOWE,202411,4,4
SO_GAROOWE,202412,6,6
SO_GOLDOGOB,202401,0,0
SO_GOLDOGOB,202402,1,1
SO_GOLDOGOB,202403,1,1
SO_GOLDOGOB,202404,4,3
SO_GOLDOGOB,202405,1,0
SO_GOLDOGOB,202406,0,0
SO_GOLDOGOB,202407,4,0
SO_GOLDOGOB,202408,4,3
SO_GOLDOGOB,202409,2,1
SO_GOLDOGOB,202410,1,1
SO_GOLDOGOB,202411,0,0
SO_GOLDOGOB,202412,2,2
SO_HARGEYSA,202401,5,2
SO_HARGEYSA,202402,8,3
SO_HARGEYSA,202403,4,1
SO_HARGEYSA,202404,7,3
SO_HARGEYSA,202405,0,0
SO_HARGEYSA,202406,6,3
SO_HARGEYSA,202407,4,1
SO_HARGEYSA,202408,2,1
SO_HARGEYSA,202409,2,2
SO_HARGEYSA,202410,3,2
SO_HARGEYSA,202411,1,0
SO_HARGEYSA,202412,3,1
SO_HOBYO,202401,1,1
SO_HOBYO,202402,0,0
SO_HOBYO,202403,3,1
SO_HOBYO,202404,2,1
SO_HOBYO,202405,1,1
SO_HOBYO,202406,0,0
SO_HOBYO,202407,0,0
SO_HOBYO,202408,3,1
SO_HOBYO,202409,0,0
SO_HOBYO,202410,4,4
SO_HOBYO,202411,5,5
SO_HOBYO,202412,3,3
SO_ISKUSHUBAN,202401,0,0
SO_ISKUSHUBAN,202402,0,0
SO_ISKUSHUBAN,202403,0,0
SO_ISKUSHUBAN,202404,0,0
SO_ISKUSHUBAN,202405,1,0
SO_ISKUSHUBAN,202406,0,0
SO_ISKUSHUBAN,202407,0,0
SO_ISKUSHUBAN,202408,0,0
SO_ISKUSHUBAN,202409,0,0
SO_ISKUSHUBAN,202410,0,0
SO_ISKUSHUBAN,202411,1,0
SO_ISKUSHUBAN,202412,0,0
SO_JALALAQSI,202401,2,1
SO_JALALAQSI,202402,4,1
SO_JALALAQSI,202403,3,2
SO_JALALAQSI,202404,3,2
SO_JALALAQSI,202405,1,1
SO_JALALAQSI,202406,2,2
SO_JALALAQSI,202407,1,0
SO_JALALAQSI,202408,1,0
SO_JALALAQSI,202409,1,0
SO_JALALAQSI,202410,0,0
SO_JALALAQSI,202411,2,1
SO_JALALAQSI,202412,2,0
SO_JAMAAME,202401,4,1
SO_JAMAAME,202402,1,1
SO_JAMAAME,202403,1,0
SO_JAMAAME,202404,5,2
SO_JAMAAME,202405,6,3
SO_JAMAAME,202406,1,0
SO_JAMAAME,202407,5,3
SO_JAMAAME,202408,4,4
SO_JAMAAME,202409,2,2
SO_JAMAAME,202410,5,5
SO_JAMAAME,202411,4,4
SO_JAMAAME,202412,4,4
SO_JARIIBAN,202401,1,1
SO_JARIIBAN,202402,0,0
SO_JARIIBAN,202403,0,0
SO_JARIIBAN,202404,0,0
SO_JARIIBAN,202405,3,3
SO_JARIIBAN,202406,2,2
SO_JARIIBAN,202407,1,0
SO_JARIIBAN,202408,2,2
SO_JARIIBAN,202409,0,0
SO_JARIIBAN,202410,0,0
SO_JARIIBAN,202411,0,0
SO_JARIIBAN,202412,0,0
SO_JILIB,202401,2,1
SO_JILIB,202402,0,0
SO_JILIB,202403,0,0
SO_JILIB,202404,1,0
SO_JILIB,202405,1,1
SO_JILIB,202406,2,2
SO_JILIB,202407,1,0
SO_JILIB,202408,0,0
SO_JILIB,202409,0,0
SO_JILIB,202410,0,0
SO_JILIB,202411,1,0
SO_JILIB,202412,2,0
SO_JOWHAR,202401,7,2
SO_JOWHAR,202402,8,3
SO_JOWHAR,202403,2,2
SO_JOWHAR,202404,11,4
SO_JOWHAR,202405,13,7
SO_JOWHAR,202406,12,8
SO_JOWHAR,202407,9,4
SO_JOWHAR,202408,10,5
SO_JOWHAR,202409,6,3
SO_JOWHAR,202410,11,8
SO_JOWHAR,202411,12,7
SO_JOWHAR,202412,11,7
SO_KISMAAYO,202401,10,4
SO_KISMAAYO,202402,9,4
SO_KISMAAYO,202403,5,4
SO_KISMAAYO,202404,13,4
SO_KISMAAYO,202405,10,3
SO_KISMAAYO,202406,11,6
SO_KISMAAYO,202407,16,3
SO_KISMAAYO,202408,14,11
SO_KISMAAYO,202409,8,5
SO_KISMAAYO,202410,11,9
SO_KISMAAYO,202411,12,8
SO_KISMAAYO,202412,12,7
SO_KUNTUWAARAY,202401,0,0
SO_KUNTUWAARAY,202402,0,0
SO_KUNTUWAARAY,202403,0,0
SO_KUNTUWAARAY,202404,0,0
SO_KUNTUWAARAY,202405,0,0
SO_KUNTUWAARAY,202406,0,0
SO_KUNTUWAARAY,202407,0,0
SO_KUNTUWAARAY,202408,0,0
SO_KUNTUWAARAY,202409,0,0
SO_KUNTUWAARAY,202410,0,0
SO_KUNTUWAARAY,202411,1,0
SO_KUNTUWAARAY,202412,0,0
SO_LAAS_CAANOOD,202401,3,2
SO_LAAS_CAANOOD,202402,8,4
SO_LAAS_CAANOOD,202403,0,0
SO_LAAS_CAANOOD,202404,2,1
SO_LAAS_CAANOOD,202405,3,1
SO_LAAS_CAANOOD,202406,4,3
SO_LAAS_CAANOOD,202407,0,0
SO_LAAS_CAANOOD,202408,2,0
SO_LAAS_CAANOOD,202409,3,0
SO_LAAS_CAANOOD,202410,2,1
SO_LAAS_CAANOOD,202411,1,0
SO_LAAS_CAANOOD,202412,2,2
SO_LUGHAYA,202401,0,0
SO_LUGHAYA,202402,0,0
SO_LUGHAYA,202403,0,0
SO_LUGHAYA,202404,2,0
SO_LUGHAYA,202405,0,0
SO_LUGHAYA,202406,0,0
SO_LUGHAYA,202407,0,0
SO_LUGHAYA,202408,0,0
SO_LUGHAYA,202409,0,0
SO_LUGHAYA,202410,0,0
SO_LUGHAYA,202411,0,0
SO_LUGHAYA,202412,0,0
SO_LUUQ,202401,6,3
SO_LUUQ,202402,0,0
SO_LUUQ,202403,2,0
SO_LUUQ,202404,8,3
SO_LUUQ,202405,8,3
SO_LUUQ,202406,6,2
SO_LUUQ,202407,7,4
SO_LUUQ,202408,9,8
SO_LUUQ,202409,4,4
SO_LUUQ,202410,12,8
SO_LUUQ,202411,10,5
SO_LUUQ,202412,6,4
SO_MARKA,202401,3,3
SO_MARKA,202402,0,0
SO_MARKA,202403,3,2
SO_MARKA,202404,1,0
SO_MARKA,202405,3,3
SO_MARKA,202406,2,1
SO_MARKA,202407,2,1
SO_MARKA,202408,1,1
SO_MARKA,202409,2,2
SO_MARKA,202410,2,0
SO_MARKA,202411,4,1
SO_MARKA,202412,2,0
SO_OODWEYNE,202401,0,0
SO_OODWEYNE,202402,0,0
SO_OODWEYNE,202403,0,0
SO_OODWEYNE,202404,1,0
SO_OODWEYNE,202405,0,0
SO_OODWEYNE,202406,0,0
SO_OODWEYNE,202407,0,0
SO_OODWEYNE,202408,0,0
SO_OODWEYNE,202409,0,0
SO_OODWEYNE,202410,0,0
SO_OODWEYNE,202411,0,0
SO_OODWEYNE,202412,0,0
SO_QANDALA,202401,0,0
SO_QANDALA,202402,0,0
SO_QANDALA,202403,0,0
SO_QANDALA,202404,0,0
SO_QANDALA,202405,1,0
SO_QANDALA,202406,0,0
SO_QANDALA,202407,1,0
SO_QANDALA,202408,0,0
SO_QANDALA,202409,0,0
SO_QANDALA,202410,0,0
SO_QANDALA,202411,0,0
SO_QANDALA,202412,1,0
SO_QANSAX_DHEERE,202401,0,0
SO_QANSAX_DHEERE,202402,0,0
SO_QANSAX_DHEERE,202403,0,0
SO_QANSAX_DHEERE,202404,0,0
SO_QANSAX_DHEERE,202405,1,0
SO_QANSAX_DHEERE,202406,1,0
SO_QANSAX_DHEERE,202407,1,0
SO_QANSAX_DHEERE,202408,0,0
SO_QANSAX_DHEERE,202409,0,0
SO_QANSAX_DHEERE,202410,1,0
SO_QANSAX_DHEERE,202411,0,0
SO_QANSAX_DHEERE,202412,3,1
SO_QARDHO,202401,1,1
SO_QARDHO,202402,0,0
SO_QARDHO,202403,0,0
SO_QARDHO,202404,6,1
SO_QARDHO,202405,1,0
SO_QARDHO,202406,3,2
SO_QARDHO,202407,1,1
SO_QARDHO,202408,1,1
SO_QARDHO,202409,0,0
SO_QARDHO,202410,3,2
SO_QARDHO,202411,2,0
SO_QARDHO,202412,1,1
SO_QORYOOLEY,202401,1,1
SO_QORYOOLEY,202402,0,0
SO_QORYOOLEY,202403,1,0
SO_QORYOOLEY,202404,0,0
SO_QORYOOLEY,202405,2,2
SO_QORYOOLEY,202406,2,1
SO_QORYOOLEY,202407,4,1
SO_QORYOOLEY,202408,0,0
SO_QORYOOLEY,202409,0,0
SO_QORYOOLEY,202410,1,0
SO_QORYOOLEY,202411,1,0
SO_QORYOOLEY,202412,0,0
SO_RAB_DHUURE,202401,0,0
SO_RAB_DHUURE,202402,0,0
SO_RAB_DHUURE,202403,0,0
SO_RAB_DHUURE,202404,0,0
SO_RAB_DHUURE,202405,0,0
SO_RAB_DHUURE,202406,0,0
SO_RAB_DHUURE,202407,0,0
SO_RAB_DHUURE,202408,0,0
SO_RAB_DHUURE,202409,0,0
SO_RAB_DHUURE,202410,1,1
SO_RAB_DHUURE,202411,1,0
SO_RAB_DHUURE,202412,1,0
SO_SAAKOW,202401,0,0
SO_SAAKOW,202402,0,0
SO_SAAKOW,202403,0,0
SO_SAAKOW,202404,1,0
SO_SAAKOW,202405,1,0
SO_SAAKOW,202406,0,0
SO_SAAKOW,202407,0,0
SO_SAAKOW,202408,0,0
SO_SAAKOW,202409,0,0
SO_SAAKOW,202410,0,0
SO_SAAKOW,202411,2,0
SO_SAAKOW,202412,0,0
SO_SABLALE,202401,0,0
SO_SABLALE,202402,0,0
SO_SABLALE,202403,0,0
SO_SABLALE,202404,0,0
SO_SABLALE,202405,0,0
SO_SABLALE,202406,1,1
SO_SABLALE,202407,0,0
SO_SABLALE,202408,0,0
SO_SABLALE,202409,1,1
SO_SABLALE,202410,0,0
SO_SABLALE,202411,1,0
SO_SABLALE,202412,0,0
SO_SHEEKH,202401,2,0
SO_SHEEKH,202402,7,4
SO_SHEEKH,202403,2,0
SO_SHEEKH,202404,7,3
SO_SHEEKH,202405,5,3
SO_SHEEKH,202406,9,3
SO_SHEEKH,202407,3,0
SO_SHEEKH,202408,0,0
SO_SHEEKH,202409,2,1
SO_SHEEKH,202410,4,1
SO_SHEEKH,202411,5,1
SO_SHEEKH,202412,1,0
SO_TALEEX,202401,0,0
SO_TALEEX,202402,0,0
SO_TALEEX,202403,0,0
SO_TALEEX,202404,0,0
SO_TALEEX,202405,0,0
SO_TALEEX,202406,0,0
SO_TALEEX,202407,1,0
SO_TALEEX,202408,0,0
SO_TALEEX,202409,0,0
SO_TALEEX,202410,1,1
SO_TALEEX,202411,0,0
SO_TALEEX,202412,0,0
SO_TIYEEGLOW,202401,2,2
SO_TIYEEGLOW,202402,0,0
SO_TIYEEGLOW,202403,0,0
SO_TIYEEGLOW,202404,0,0
SO_TIYEEGLOW,202405,0,0
SO_TIYEEGLOW,202406,1,1
SO_TIYEEGLOW,202407,0,0
SO_TIYEEGLOW,202408,0,0
SO_TIYEEGLOW,202409,0,0
SO_TIYEEGLOW,202410,0,0
SO_TIYEEGLOW,202411,1,0
SO_TIYEEGLOW,202412,1,1
SO_WAJID,202401,0,0
SO_WAJID,202402,1,1
SO_WAJID,202403,0,0
SO_WAJID,202404,0,0
SO_WAJID,202405,1,0
SO_WAJID,202406,0,0
SO_WAJID,202407,1,1
SO_WAJID,202408,2,2
SO_WAJID,202409,0,0
SO_WAJID,202410,4,3
SO_WAJID,202411,5,4
SO_WAJID,202412,6,6
SO_WANLA_WEYN,202401,0,0
SO_WANLA_WEYN,202402,0,0
SO_WANLA_WEYN,202403,0,0
SO_WANLA_WEYN,202404,1,0
SO_WANLA_WEYN,202405,2,1
SO_WANLA_WEYN,202406,0,0
SO_WANLA_WEYN,202407,1,0
SO_WANLA_WEYN,202408,0,0
SO_WANLA_WEYN,202409,1,0
SO_WANLA_WEYN,202410,0,0
SO_WANLA_WEYN,202411,2,0
SO_WANLA_WEYN,202412,3,0
SO_XARARDHEERE,202401,1,1
SO_XARARDHEERE,202402,0,0
SO_XARARDHEERE,202403,2,1
SO_XARARDHEERE,202404,3,1
SO_XARARDHEERE,202405,0,0
SO_XARARDHEERE,202406,0,0
SO_XARARDHEERE,202407,0,0
SO_XARARDHEERE,202408,0,0
SO_XARARDHEERE,202409,0,0
SO_XARARDHEERE,202410,0,0
SO_XARARDHEERE,202411,0,0
SO_XARARDHEERE,202412,0,0
SO_XUDUN,202401,0,0
SO_XUDUN,202402,1,0
SO_XUDUN,202403,0,0
SO_XUDUN,202404,1,0
SO_XUDUN,202405,2,0
SO_XUDUN,202406,0,0
SO_XUDUN,202407,0,0
SO_XUDUN,202408,0,0
SO_XUDUN,202409,0,0
SO_XUDUN,202410,2,0
SO_XUDUN,202411,3,0
SO_XUDUN,202412,1,0
SO_XUDUR,202401,1,1
SO_XUDUR,202402,1,1
SO_XUDUR,202403,1,1
SO_XUDUR,202404,2,1
SO_XUDUR,202405,3,1
SO_XUDUR,202406,2,1
SO_XUDUR,202407,2,0
SO_XUDUR,202408,1,1
SO_XUDUR,202409,1,0
SO_XUDUR,202410,4,3
SO_XUDUR,202411,6,5
SO_XUDUR,202412,7,6
SO_ZEYLAC,202401,0,0
SO_ZEYLAC,202402,0,0
SO_ZEYLAC,202403,0,0
SO_ZEYLAC,202404,0,0
SO_ZEYLAC,202405,0,0
SO_ZEYLAC,202406,0,0
SO_ZEYLAC,202407,1,1
SO_ZEYLAC,202408,0,0
SO_ZEYLAC,202409,0,0
SO_ZEYLAC,202410,0,0
SO_ZEYLAC,202411,0,0
SO_ZEYLAC,202412,0,0
