location_id,time_id,wheatflour_price_usd,wheatflour_trend_log,wheatflour_pewi_score,rice_price_usd,rice_trend_log,rice_pewi_score,sugar_price_usd,sugar_trend_log,sugar_pewi_score,oil_price_usd,oil_trend_log,oil_pewi_score,commodities_tracked_count,market_anomaly_mean,market_anomaly_max,market_stress_count
SO_AADAN,202401,,,,,,,,,,,,,0,,,0
SO_AADAN,202402,,,,,,,,,,,,,0,,,0
SO_AADAN,202403,,,,,,,,,,,,,0,,,0
SO_AADAN,202404,,,,,,,,,,,,,0,,,0
SO_AADAN,202405,,,,,,,,,,,,,0,,,0
SO_AADAN,202406,,,,,,,,,,,,,0,,,0
SO_AADAN,202407,,,,,,,,,,,,,0,,,0
SO_AADAN,202408,,,,,,,,,,,,,0,,,0
SO_AADAN,202409,,,,,,,,,,,,,0,,,0
SO_AADAN,202410,,,,,,,,,,,,,0,,,0
SO_AADAN,202411,,,,,,,,,,,,,0,,,0
SO_AADAN,202412,,,,,,,,,,,,,0,,,0
SO_AFGOOYE,202401,,,,,,,,,,,,,0,,,0
SO_AFGOOYE,202402,,,,,,,,,,,,,0,,,0
SO_AFGOOYE,202403,,,,,,,,,,,,,0,,,0
SO_AFGOOYE,202404,,,,,,,,,,,,,0,,,0
SO_AFGOOYE,202405,,,,,,,,,,,,,0,,,0
SO_AFGOOYE,202406,,,,,,,,,,,,,0,,,0
SO_AFGOOYE,202407,,,,,,,,,,,,,0,,,0
SO_AFGOOYE,202408,,,,,,,,,,,,,0,,,0
SO_AFGOOYE,202409,,,,,,,,,,,,,0,,,0
SO_AFGOOYE,202410,,,,,,,,,,,,,0,,,0
SO_AFGOOYE,202411,,,,,,,,,,,,,0,,,0
SO_AFGOOYE,202412,,,,,,,,,,,,,0,,,0
SO_AFMADOW,202401,0.7368,,0.0,0.8452,,0.0,0.5,,-1.1905,1.9548,,0.0,4,-0.298,0.0,0
SO_AFMADOW,202402,0.66,-0.11007664992062582,0.0,0.8,-0.05496155807397424,0.0,0.7586,0.4168665308326069,-0.3889,2.0,0.022859294146082565,0.0,4,-0.097,0.0,0
SO_AFMADOW,202403,0.9255,0.3380942969930809,0.0,0.98,0.20294084399669024,0.0,0.98,0.25607794240981896,-0.2321,2.0,0.0,0.0,4,-0.058,0.0,0
SO_AFMADOW,202404,0.9653,0.04210480184101729,2.1329,1.0165,0.0365680614037837,-2.0239,1.0132,0.03331634646290267,-0.5674,1.976,-0.012072581234269242,1.6055,4,0.287,2.133,2
SO_AFMADOW,202405,1.0123,0.047541314750136524,1.3507,1.2562,0.21172593695187908,0.1135,1.2,0.16920791764857138,0.5143,2.0,0.012072581234269242,-1.9432,4,0.009,1.351,1
SO_AFMADOW,202406,1.0199,0.007479613651766482,0.7332,1.1938,-0.050949794285730904,-0.3517,1.1527,-0.04021454016912471,0.1839,1.9763,-0.011920770895693655,-1.6643,4,-0.275,0.733,0
SO_AFMADOW,202407,1.0,-0.01970458327433543,1.2081,1.0,-0.17714149675241242,-2.2192,1.0,-0.14210701662482988,0.0,1.9,-0.03937252349185694,-2.4848,4,-0.874,1.208,1
SO_AFMADOW,202408,1.0,0.0,1.2592,1.0,0.0,-2.219,1.0,0.0,-0.0919,1.9,0.0,-1.9747,4,-0.757,1.259,1
SO_AFMADOW,202409,1.0,0.0,1.5278,1.0,0.0,-1.8466,1.0,0.0,-0.1278,1.9,0.0,-1.326,4,-0.443,1.528,1
SO_AFMADOW,202410,0.8448,-0.16865536603014003,0.9111,0.8965,-0.10925698593694952,-2.1051,0.931,-0.07149600170506992,-0.6444,2.0724,0.08685346978610153,-0.4489,4,-0.572,0.911,0
SO_AFMADOW,202411,0.64,-0.27763173659827944,-0.6618,0.76,-0.16517985976481078,-2.2144,0.84,-0.10285738543970788,-1.1761,2.3,0.10420176697660766,0.9696,4,-0.771,0.97,0
SO_AFMADOW,202412,0.64,0.0,-1.8659,0.76,0.0,-1.4559,0.84,0.0,0.1741,2.3,0.0,1.7746,4,-0.343,1.775,1
SO_BAAR_DHEERE,202401,,,,,,,,,,,,,0,,,0
SO_BAAR_DHEERE,202402,,,,,,,,,,,,,0,,,0
SO_BAAR_DHEERE,202403,,,,,,,,,,,,,0,,,0
SO_BAAR_DHEERE,202404,,,,,,,,,,,,,0,,,0
SO_BAAR_DHEERE,202405,,,,,,,,,,,,,0,,,0
SO_BAAR_DHEERE,202406,,,,,,,,,,,,,0,,,0
SO_BAAR_DHEERE,202407,,,,,,,,,,,,,0,,,0
SO_BAAR_DHEERE,202408,,,,,,,,,,,,,0,,,0
SO_BAAR_DHEERE,202409,,,,,,,,,,,,,0,,,0
SO_BAAR_DHEERE,202410,,,,,,,,,,,,,0,,,0
SO_BAAR_DHEERE,202411,,,,,,,,,,,,,0,,,0
SO_BAAR_DHEERE,202412,,,,,,,,,,,,,0,,,0
SO_BADHAADHE,202401,,,,,,,,,,,,,0,,,0
SO_BADHAADHE,202402,,,,,,,,,,,,,0,,,0
SO_BADHAADHE,202403,,,,,,,,,,,,,0,,,0
SO_BADHAADHE,202404,,,,,,,,,,,,,0,,,0
SO_BADHAADHE,202405,,,,,,,,,,,,,0,,,0
SO_BADHAADHE,202406,,,,,,,,,,,,,0,,,0
SO_BADHAADHE,202407,,,,,,,,,,,,,0,,,0
SO_BADHAADHE,202408,,,,,,,,,,,,,0,,,0
SO_BADHAADHE,202409,,,,,,,,,,,,,0,,,0
SO_BADHAADHE,202410,,,,,,,,,,,,,0,,,0
SO_BADHAADHE,202411,,,,,,,,,,,,,0,,,0
SO_BADHAADHE,202412,,,,,,,,,,,,,0,,,0
SO_BADHAN,202401,,,,,,,,,,,,,0,,,0
SO_BADHAN,202402,,,,,,,,,,,,,0,,,0
SO_BADHAN,202403,,,,,,,,,,,,,0,,,0
SO_BADHAN,202404,,,,,,,,,,,,,0,,,0
SO_BADHAN,202405,,,,,,,,,,,,,0,,,0
SO_BADHAN,202406,,,,,,,,,,,,,0,,,0
SO_BADHAN,202407,,,,,,,,,,,,,0,,,0
SO_BADHAN,202408,,,,,,,,,,,,,0,,,0
SO_BADHAN,202409,,,,,,,,,,,,,0,,,0
SO_BADHAN,202410,,,,,,,,,,,,,0,,,0
SO_BADHAN,202411,,,,,,,,,,,,,0,,,0
SO_BADHAN,202412,,,,,,,,,,,,,0,,,0
SO_BAKI,202401,,,,,,,,,,,,,0,,,0
SO_BAKI,202402,,,,,,,,,,,,,0,,,0
SO_BAKI,202403,,,,,,,,,,,,,0,,,0
SO_BAKI,202404,,,,,,,,,,,,,0,,,0
SO_BAKI,202405,,,,,,,,,,,,,0,,,0
SO_BAKI,202406,,,,,,,,,,,,,0,,,0
SO_BAKI,202407,,,,,,,,,,,,,0,,,0
SO_BAKI,202408,,,,,,,,,,,,,0,,,0
SO_BAKI,202409,,,,,,,,,,,,,0,,,0
SO_BAKI,202410,,,,,,,,,,,,,0,,,0
SO_BAKI,202411,,,,,,,,,,,,,0,,,0
SO_BAKI,202412,,,,,,,,,,,,,0,,,0
SO_BALCAD,202401,,,,,,,,,,,,,0,,,0
SO_BALCAD,202402,,,,,,,,,,,,,0,,,0
SO_BALCAD,202403,,,,,,,,,,,,,0,,,0
SO_BALCAD,202404,,,,,,,,,,,,,0,,,0
SO_BALCAD,202405,,,,,,,,,,,,,0,,,0
SO_BALCAD,202406,,,,,,,,,,,,,0,,,0
SO_BALCAD,202407,,,,,,,,,,,,,0,,,0
SO_BALCAD,202408,,,,,,,,,,,,,0,,,0
SO_BALCAD,202409,,,,,,,,,,,,,0,,,0
SO_BALCAD,202410,,,,,,,,,,,,,0,,,0
SO_BALCAD,202411,,,,,,,,,,,,,0,,,0
SO_BALCAD,202412,,,,,,,,,,,,,0,,,0
SO_BANADIR,202401,,,,,,,,,,,,,0,,,0
SO_BANADIR,202402,0.5,,-0.7946,0.75,,,0.9,,0.8504,1.15,,2.0423,3,0.699,2.042,1
SO_BANADIR,202403,0.5,0.0,-0.7294,0.75,0.0,,0.9,0.0,0.8223,1.15,0.0,0.0,3,0.031,0.822,0
SO_BANADIR,202404,0.52,0.03922071315328135,-0.5437,0.7196,-0.04137770445397809,,0.8461,-0.06175720739385562,0.5349,1.15,0.0,0.0,3,-0.003,0.535,0
SO_BANADIR,202405,0.52,0.0,-1.1439,0.71,-0.013430532041017018,2.0219,0.8503,0.004951672461291606,-0.6947,1.15,0.0,-1.6519,4,-0.367,2.022,1
SO_BANADIR,202406,0.52,0.0,-0.8113,0.71,0.0,1.9453,0.8,-0.06097750072381941,-1.135,1.15,0.0,0.0,4,-0.0,1.945,1
SO_BANADIR,202407,0.52,0.0,-1.5432,0.71,0.0,1.6183,0.8,0.0,-1.1344,1.15,0.0,-1.9408,4,-0.75,1.618,1
SO_BANADIR,202408,0.52,0.0,-1.822,0.71,0.0,1.6198,0.8,0.0,-1.5471,1.15,0.0,-1.5833,4,-0.833,1.62,1
SO_BANADIR,202409,0.52,0.0,-1.7083,0.71,0.0,1.612,0.8,0.0,-1.2007,1.15,0.0,-0.8943,4,-0.548,1.612,1
SO_BANADIR,202410,0.52,0.0,-1.6426,0.71,0.0,1.6073,0.8,0.0,-1.2918,1.15,0.0,-0.7325,4,-0.515,1.607,1
SO_BANADIR,202411,0.52,0.0,-0.7527,0.71,0.0,1.5554,0.8,0.0,-0.7834,1.15,0.0,1.0551,4,0.269,1.555,2
SO_BANADIR,202412,0.7395,0.3521454705753814,0.3456,0.8436,0.1724134785692585,2.2625,0.9909,0.21400189339692632,0.2887,1.2455,0.07977511334493947,0.9936,4,0.973,2.262,1
SO_BANDER_BEYLA,202401,,,,,,,,,,,,,0,,,0
SO_BANDER_BEYLA,202402,,,,,,,,,,,,,0,,,0
SO_BANDER_BEYLA,202403,,,,,,,,,,,,,0,,,0
SO_BANDER_BEYLA,202404,,,,,,,,,,,,,0,,,0
SO_BANDER_BEYLA,202405,,,,,,,,,,,,,0,,,0
SO_BANDER_BEYLA,202406,,,,,,,,,,,,,0,,,0
SO_BANDER_BEYLA,202407,,,,,,,,,,,,,0,,,0
SO_BANDER_BEYLA,202408,,,,,,,,,,,,,0,,,0
SO_BANDER_BEYLA,202409,,,,,,,,,,,,,0,,,0
SO_BANDER_BEYLA,202410,,,,,,,,,,,,,0,,,0
SO_BANDER_BEYLA,202411,,,,,,,,,,,,,0,,,0
SO_BANDER_BEYLA,202412,,,,,,,,,,,,,0,,,0
SO_BARAAWE,202401,,,,,,,,,,,,,0,,,0
SO_BARAAWE,202402,,,,,,,,,,,,,0,,,0
SO_BARAAWE,202403,,,,,,,,,,,,,0,,,0
SO_BARAAWE,202404,,,,,,,,,,,,,0,,,0
SO_BARAAWE,202405,,,,,,,,,,,,,0,,,0
SO_BARAAWE,202406,,,,,,,,,,,,,0,,,0
SO_BARAAWE,202407,,,,,,,,,,,,,0,,,0
SO_BARAAWE,202408,,,,,,,,,,,,,0,,,0
SO_BARAAWE,202409,,,,,,,,,,,,,0,,,0
SO_BARAAWE,202410,,,,,,,,,,,,,0,,,0
SO_BARAAWE,202411,,,,,,,,,,,,,0,,,0
SO_BARAAWE,202412,,,,,,,,,,,,,0,,,0
SO_BAYDHABA,202401,0.6923,,-1.4651,0.9513,,0.7051,0.3,,-3.4108,1.8982,,0.2342,4,-0.984,0.705,0
SO_BAYDHABA,202402,0.8875,0.248389133665591,-0.3019,1.0,0.04992580876972568,1.0603,0.9013,1.1000556909061632,0.0405,1.7531,-0.0795204193365634,-0.4557,4,0.086,1.06,1
SO_BAYDHABA,202403,0.9368,0.054061290933936745,0.1976,1.0,0.0,0.9658,1.0,0.10391711341977297,0.9305,1.9777,0.12054890396815077,0.3934,4,0.622,0.966,0
SO_BAYDHABA,202404,0.7493,-0.22333037491324254,-0.5915,0.7972,-0.22664969064349738,-0.0074,0.8641,-0.14606677613478347,0.1768,2.0,0.0112126272141031,0.3154,4,-0.027,0.315,0
SO_BAYDHABA,202405,0.89,0.17208202535592054,0.1625,0.7039,-0.12446928772455379,-0.4958,1.0039,0.14995919085012732,0.4708,2.0,0.0,0.1142,4,0.063,0.471,0
SO_BAYDHABA,202406,0.7029,-0.23600682854432592,-0.8723,0.71,0.008628669421275159,-0.3097,0.7855,-0.2453272360018051,-0.5138,2.0,0.0,0.5354,4,-0.29,0.535,0
SO_BAYDHABA,202407,0.6667,-0.05287446455784539,-0.9212,0.7533,0.05919858479628792,-0.2259,0.8067,0.026631394247252832,-0.3764,2.0333,0.01651290837421371,0.1449,4,-0.345,0.145,0
SO_BAYDHABA,202408,0.6556,-0.016789322754339697,-0.9263,1.3452,0.5798344250344656,2.6205,0.8915,0.09995358536026641,0.1389,2.0259,-0.0036460426673901036,0.2059,4,0.51,2.62,1
SO_BAYDHABA,202409,0.5724,-0.13571279918737866,-1.459,1.1903,-0.12233732469228048,1.705,0.8234,-0.07946332796739072,-0.3814,2.0,-0.012866865706823605,-0.2387,4,-0.094,1.705,1
SO_BAYDHABA,202410,0.54,-0.05826890812397578,-2.3736,1.32,0.1034263604065826,2.1909,0.8,-0.028830381667876992,-0.4644,2.0,0.0,0.1069,4,-0.135,2.191,1
SO_BAYDHABA,202411,0.588,0.08515780834030673,-1.6298,1.502,0.12916581674366345,2.879,0.826,0.03198304585305067,-0.7789,2.0,0.0,-0.1859,4,0.071,2.879,1
SO_BAYDHABA,202412,0.6209,0.05444309047222029,-1.5541,1.6,0.06320607590379262,3.2709,0.86,0.040337615726575377,1.0144,2.0,0.0,-0.0727,4,0.665,3.271,2
SO_BELET_WEYNE,202401,1.3032,,1.8694,1.3032,,1.9971,0.4323,,-2.8159,1.5355,,0.2267,4,0.319,1.997,2
SO_BELET_WEYNE,202402,1.019,-0.24600102406511062,0.3581,1.0241,-0.24100860020644338,0.9062,1.0034,0.8420297203765664,-0.4555,1.4276,-0.07286134826487184,-0.1261,4,0.171,0.906,0
SO_BELET_WEYNE,202403,0.8823,-0.14404489899466572,-0.1643,0.9452,-0.08017291176863912,0.6644,1.0,-0.003394233068015617,-0.4149,1.5548,0.08535220736206278,0.5488,4,0.158,0.664,0
SO_BELET_WEYNE,202404,0.8767,-0.006367275633519048,-0.478,1.0767,0.13025954150891844,1.0073,1.0767,0.07390080783953422,-0.2438,1.5,-0.035881811887766624,-0.2989,4,-0.003,1.007,1
SO_BELET_WEYNE,202405,0.9,0.026229904729770825,-0.6919,1.1,0.021409371964790716,1.0123,1.1,0.021409371964790716,-0.4874,1.5,0.0,-0.1597,4,-0.082,1.012,1
SO_BELET_WEYNE,202406,0.9,0.0,-0.8967,1.1,0.0,0.9026,1.1,0.0,-0.6373,1.5,0.0,-0.4361,4,-0.267,0.903,0
SO_BELET_WEYNE,202407,0.9,0.0,-0.8739,1.1,0.0,0.8534,1.2,0.08701137698962966,-0.3996,1.5,0.0,-0.6686,4,-0.272,0.853,0
SO_BELET_WEYNE,202408,0.9,0.0,-0.789,1.1,0.0,0.8162,1.2,0.0,-0.5152,1.5,0.0,-0.5496,4,-0.259,0.816,0
SO_BELET_WEYNE,202409,0.7552,-0.17541214849301984,-1.4186,0.8297,-0.28200126911622236,-0.3317,1.019,-0.16349980255336694,-1.0184,1.5,0.0,-0.626,4,-0.849,-0.332,0
SO_BELET_WEYNE,202410,0.8,0.05762911283663641,-1.1303,0.85,0.024172159814122518,-0.0972,1.1,0.07648842556373726,-0.6797,1.5,0.0,-0.2752,4,-0.546,-0.097,0
SO_BELET_WEYNE,202411,0.8433,0.052711038912668595,-0.8512,0.915,0.07368771579115924,0.0855,1.1,0.0,-1.096,1.5,0.0,-0.3375,4,-0.55,0.086,0
SO_BELET_WEYNE,202412,0.9,0.06507199674371483,-0.6068,1.0,0.0888312137066157,0.4717,1.1,0.0,0.5143,1.5,0.0,-0.5345,4,-0.039,0.514,0
SO_BELET_XAAWO,202401,0.86,,0.4806,0.89,,0.4382,0.2,,-1.9858,1.7,,0.0781,4,-0.247,0.481,0
SO_BELET_XAAWO,202402,0.8228,-0.04421923146875131,0.6004,0.8938,0.004260573773165632,0.4516,0.9007,1.5048548722416604,0.1608,1.7621,0.03587802853037747,0.2252,4,0.36,0.6,0
SO_BELET_XAAWO,202403,0.8,-0.028101430110874737,0.58,0.8774,-0.01851904776723763,0.5754,0.94,0.04270763647435244,0.3866,1.8,0.021280385309571215,0.0679,4,0.402,0.58,0
SO_BELET_XAAWO,202404,0.7986,-0.0017515330388064299,0.045,0.8769,-0.0005700279468035807,-0.0111,0.917,-0.024772403007584626,-0.0747,1.7903,-0.005403461327028736,-0.6174,4,-0.165,0.045,0
SO_BELET_XAAWO,202405,0.7244,-0.09751646861986252,-0.781,1.2683,0.3690397392880739,0.6352,0.9052,-0.012951558497082585,-0.5005,2.0,0.11076397698485496,-0.5589,4,-0.301,0.635,0
SO_BELET_XAAWO,202406,0.8047,0.10512581114282873,-0.1941,0.8307,-0.423163981228358,-1.4259,0.873,-0.03622035791978011,-0.5104,1.93,-0.03562717764315115,-0.7613,4,-0.723,-0.194,0
SO_BELET_XAAWO,202407,0.8067,0.0024823147908415166,0.6015,0.8067,-0.0293168669020972,0.4054,0.8833,0.011729337911484297,-0.027,1.7,-0.12689175185462376,-0.4545,4,0.131,0.602,0
SO_BELET_XAAWO,202408,0.8,-0.008340124275001304,-0.7685,0.8,-0.008340124275001304,-0.4166,0.9,0.01872986957322427,-0.7338,1.7,0.0,-0.9473,4,-0.717,-0.417,0
SO_BELET_XAAWO,202409,0.6938,-0.14242799313227805,-0.6262,0.7517,-0.06227441948450407,-0.1466,0.8517,-0.05516041117727555,-0.6065,1.7,0.0,-0.6764,4,-0.514,-0.147,0
SO_BELET_XAAWO,202410,0.69,-0.005492136944344306,-1.0501,0.75,-0.0022641016530671187,-0.3048,0.85,-0.0019980026626731096,-0.8293,1.7,0.0,-0.5583,4,-0.686,-0.305,0
SO_BELET_XAAWO,202411,0.69,0.0,-1.3833,0.75,0.0,-0.3834,0.85,0.0,-0.7817,1.7,0.0,-0.8881,4,-0.859,-0.383,0
SO_BELET_XAAWO,202412,0.69,0.0,-1.4064,0.75,0.0,-0.4288,0.85,0.0,0.8705,1.7,0.0,-1.2023,4,-0.542,0.87,0
SO_BERBERA,202401,0.8475,,-0.0543,0.8475,,1.8681,0.5522,,-0.5933,1.9774,,0.6877,4,0.477,1.868,1
SO_BERBERA,202402,0.8475,0.0,-0.0543,0.8475,0.0,1.6323,0.8572,0.4397609641033678,-0.093,1.9774,0.0,0.9202,4,0.601,1.632,1
SO_BERBERA,202403,0.8475,0.0,-0.0543,0.8475,0.0,1.0123,0.904,0.05315809679275463,-0.0163,1.9774,0.0,0.2344,4,0.294,1.012,1
SO_BERBERA,202404,0.8463,-0.0014169325785449993,-1.9053,0.6791,-0.2215224471348596,-1.0411,0.9208,0.018413497015496313,-1.9853,1.9748,-0.0013157230783247265,0.4621,4,-1.117,0.462,0
SO_BERBERA,202405,0.8445,-0.002129170428205568,-0.3482,0.8445,0.21797634412810904,0.6273,0.9189,-0.00206555490083353,-0.2792,1.9706,-0.0021290624963338223,-0.0729,4,-0.018,0.627,0
SO_BERBERA,202406,0.8427,-0.002133713469547105,0.0169,0.8427,-0.002133713469547105,0.2894,0.9169,-0.002178887450984157,0.096,1.9663,-0.0021844607228628243,0.2166,4,0.155,0.289,0
SO_BERBERA,202407,0.8182,-0.02950421728300945,-0.1233,0.7636,-0.09856693092671523,-0.3176,0.8902,-0.029552258474101215,-0.1557,1.9091,-0.029521677364897636,0.4214,4,-0.044,0.421,0
SO_BERBERA,202408,0.8065,-0.01440290793003468,-0.1233,0.7527,-0.01437734981110611,-0.0599,0.8602,-0.034281236232118026,-0.1854,1.8817,-0.014456303250014901,0.5794,4,0.053,0.579,0
SO_BERBERA,202409,0.7971,-0.011723756131386015,-0.1233,0.7825,0.03882718037382191,0.0709,0.8503,-0.011575691957889156,-0.1854,1.193,-0.4557044804526826,-3.543,4,-0.945,0.071,0
SO_BERBERA,202410,0.7673,-0.038102282250258024,-0.1233,0.8042,0.02735407204886542,1.0387,0.8185,-0.03811583158055715,-0.1854,1.2073,0.011915318240425576,-2.659,4,-0.482,1.039,1
SO_BERBERA,202411,0.8274,0.07541039484369164,0.0411,0.8781,0.08791248790277617,2.3083,0.9456,0.14434624984064415,0.0618,1.6211,0.29471846980918576,-0.2491,4,0.541,2.308,1
SO_BERBERA,202412,0.8863,0.06876723971704109,0.4314,0.9384,0.06641581497331588,2.8817,1.0427,0.09774913514371365,0.6951,2.0664,0.24270303163410312,2.0312,4,1.51,2.882,2
SO_BORAMA,202401,0.8475,,0.4802,0.8092,,0.9747,0.4884,,-3.4585,1.9209,,1.3482,4,-0.164,1.348,1
SO_BORAMA,202402,0.8475,0.0,0.4762,0.7988,-0.012935503751930338,0.7565,0.8669,0.5737888876380451,-0.3743,1.9209,0.0,1.1899,4,0.512,1.19,1
SO_BORAMA,202403,0.8475,0.0,0.6272,0.791,-0.00981263377400618,0.4727,0.9153,0.054328250516138946,-0.1277,1.9209,0.0,0.9864,4,0.49,0.986,0
SO_BORAMA,202404,0.8362,-0.013423020332140656,0.413,0.802,0.013810640098860627,0.5023,0.9253,0.010866128864250924,0.1658,1.9184,-0.001302320919616351,0.5842,4,0.416,0.584,0
SO_BORAMA,202405,0.8108,-0.03084640434461977,-0.2444,0.804,0.002490661312451875,0.4329,0.9234,-0.002055499182096035,-0.047,1.9143,-0.0021394847308390252,0.8465,4,0.247,0.846,0
SO_BORAMA,202406,0.809,-0.0022224975193531893,-0.2279,0.8022,-0.0022413158430139024,0.2135,0.9213,-0.002276793958002163,0.0192,1.9101,-0.0021964238513214607,1.0351,4,0.26,1.035,1
SO_BORAMA,202407,0.7855,-0.02947845936281593,-0.4391,0.7636,-0.049313861484360066,-0.1197,0.8945,-0.029520813166112575,-0.0083,1.8545,-0.029540478761443834,0.8593,4,0.073,0.859,0
SO_BORAMA,202408,0.8065,0.026383439869587744,-0.418,0.8065,0.0546598057136711,0.9109,0.8658,-0.03261096794089359,-0.4485,1.828,-0.014392644915550146,0.8308,4,0.219,0.911,0
SO_BORAMA,202409,0.7971,-0.011723756131386015,-0.4821,0.7971,-0.011723756131386015,0.5817,0.8503,-0.018064706616133464,-0.6362,1.1911,-0.4283452231272401,-0.9079,4,-0.361,0.582,0
SO_BORAMA,202410,0.7673,-0.038102282250258024,-0.4076,0.8083,0.013953135305921155,1.2698,0.8553,0.005863056194989197,-0.0199,1.2073,0.013509211451486453,-0.7014,4,0.035,1.27,1
SO_BORAMA,202411,0.8274,0.07541039484369164,0.5125,0.9456,0.15688636991203506,3.3321,0.9625,0.11808178157520335,1.1209,1.7899,0.39377329101411257,1.1073,4,1.518,3.332,3
SO_BORAMA,202412,0.8863,0.06876723971704109,0.9865,0.9384,-0.007643349312568028,3.0532,1.0427,0.08003471563360809,2.3457,2.0782,0.14934238206609196,1.8936,4,2.07,3.053,3
SO_BOSSASO,202401,0.8,,-0.0101,0.8,,1.3569,0.3,,-3.3672,1.3419,,-0.3365,4,-0.589,1.357,1
SO_BOSSASO,202402,0.8,0.0,-0.1395,0.8,0.0,1.3277,0.9172,1.1175430763275485,-0.4417,1.5138,0.12053652576815488,-0.0069,4,0.185,1.328,1
SO_BOSSASO,202403,0.7097,-0.11976938213699012,-1.361,0.7661,-0.04329901814515208,1.0542,1.0097,0.09608298502652601,-0.0399,1.6,0.0553805833528056,0.1237,4,-0.056,1.054,1
SO_BOSSASO,202404,0.7233,0.018981728324297897,-1.5787,0.8,0.04329901814515208,1.2568,1.0,-0.009653257028138346,-0.1666,1.6,0.0,-0.4647,4,-0.238,1.257,1
SO_BOSSASO,202405,0.7306,0.010042040505947036,-1.3745,0.8,0.0,1.2096,0.9774,-0.022859294146082558,-0.3057,1.5548,-0.028656709249804624,-0.2884,4,-0.19,1.21,1
SO_BOSSASO,202406,0.7967,0.08661208202513815,-0.4273,0.8,0.0,1.1394,1.0,0.022859294146082558,-0.1424,1.6,0.028656709249804624,-0.1525,4,0.104,1.139,1
SO_BOSSASO,202407,0.8,0.004133531281607039,-0.7027,0.8,0.0,1.0117,1.0,0.0,-0.3229,1.6,0.0,-0.2363,4,-0.063,1.012,1
SO_BOSSASO,202408,0.9,0.11778303565638343,0.6446,0.8222,0.027371946795850755,1.1215,1.1,0.09531017980432493,0.231,1.5778,-0.013972157566883414,-0.3737,4,0.406,1.122,1
SO_BOSSASO,202409,0.8759,-0.02714283415526747,0.1137,0.8517,0.035250677683257126,1.2628,1.0759,-0.022152659186598436,-0.4781,1.6207,0.02682668300308466,-0.3041,4,0.149,1.263,1
SO_BOSSASO,202410,0.844,-0.03709943457308623,-0.3529,0.9,0.05516041117727555,1.7046,1.212,0.11911436702939619,0.399,1.544,-0.0484817030793524,-0.3859,4,0.341,1.705,1
SO_BOSSASO,202411,0.9233,0.08980171418262516,0.8902,0.79,-0.13036181786324355,0.921,0.9667,-0.2261389571587,-1.0685,1.51,-0.022266800775751494,-0.3038,4,0.11,0.921,0
SO_BOSSASO,202412,0.8364,-0.09884724122410367,-0.3512,0.7,-0.12095261041766261,0.3432,0.9,-0.07149344614624897,-0.5556,1.5318,0.014333863666523117,-0.1423,4,-0.176,0.343,0
SO_BUAALE,202401,,,,,,,,,,,,,0,,,0
SO_BUAALE,202402,,,,,,,,,,,,,0,,,0
SO_BUAALE,202403,,,,,,,,,,,,,0,,,0
SO_BUAALE,202404,,,,,,,,,,,,,0,,,0
SO_BUAALE,202405,,,,,,,,,,,,,0,,,0
SO_BUAALE,202406,,,,,,,,,,,,,0,,,0
SO_BUAALE,202407,,,,,,,,,,,,,0,,,0
SO_BUAALE,202408,,,,,,,,,,,,,0,,,0
SO_BUAALE,202409,,,,,,,,,,,,,0,,,0
SO_BUAALE,202410,,,,,,,,,,,,,0,,,0
SO_BUAALE,202411,,,,,,,,,,,,,0,,,0
SO_BUAALE,202412,,,,,,,,,,,,,0,,,0
SO_BULO_BURTO,202401,1.1,,1.9555,1.1,,1.6314,0.5677,,-3.1896,2.0,,0.0835,4,0.12,1.956,2
SO_BULO_BURTO,202402,1.0586,-0.03836289936257482,1.556,1.0724,-0.025411052424657743,1.2902,1.5069,0.9762167292474282,1.1749,1.9724,-0.013896105192111374,-0.086,4,0.984,1.556,3
SO_BULO_BURTO,202403,0.8,-0.28009083175595983,-0.4284,0.9,-0.17525964303749347,-0.3319,1.5,-0.004589452333807198,0.7161,1.8,-0.09146441046571485,-1.1384,4,-0.296,0.716,0
SO_BULO_BURTO,202404,0.8467,0.05673471298030419,-0.3496,0.9793,0.08444326740243797,-0.0911,1.22,-0.2066142493629992,-0.7526,1.7067,-0.05322498345954463,-1.6605,4,-0.713,-0.091,0
SO_BULO_BURTO,202405,0.8677,0.02449959215121253,-0.2418,1.0677,0.08642405045750802,0.739,1.1645,-0.04655904840290645,-1.053,1.5484,-0.09733954172121845,-1.8847,4,-0.61,0.739,0
SO_BULO_BURTO,202406,0.8,-0.08123430513151672,-0.5954,0.918,-0.15106469056376626,-0.3613,1.17,0.004711938467405974,-0.8323,1.85,0.1779634993688775,-1.0344,4,-0.706,-0.361,0
SO_BULO_BURTO,202407,0.8,0.0,-0.6606,0.84,-0.08879549878313125,-0.9564,1.2,0.025317807984289897,-0.7924,2.0,0.07796154146971179,-0.4107,4,-0.705,-0.411,0
SO_BULO_BURTO,202408,0.8,0.0,-0.6767,0.84,0.0,-0.9917,1.2,0.0,-0.8427,2.0,0.0,-0.4655,4,-0.744,-0.466,0
SO_BULO_BURTO,202409,0.7879,-0.015240549416284888,-0.7615,0.7869,-0.06530071629642151,-1.2397,1.0914,-0.09486028102396014,-1.1952,1.8938,-0.05456178799268263,-0.6597,4,-0.964,-0.66,0
SO_BULO_BURTO,202410,0.75,-0.049297971721286304,-1.0683,0.8,0.016510552126989597,-1.0477,0.9,-0.19282179142782074,-2.2259,1.83,-0.0342694257139331,-1.2127,4,-1.389,-1.048,0
SO_BULO_BURTO,202411,0.7167,-0.0454158635304826,-1.3349,0.8,0.0,-1.1409,1.03,0.1349193178993707,-1.718,1.7117,-0.06682893813384805,-1.4221,4,-1.404,-1.141,0
SO_BULO_BURTO,202412,0.7636,0.06338674885171891,-1.3516,0.9273,0.147665410138253,-0.4369,1.2,0.15276275455241017,0.1597,1.6636,-0.028503099832861922,-0.8421,4,-0.618,0.16,0
SO_BURCO,202401,0.8475,,0.4598,0.8475,,1.824,0.5267,,-3.4344,1.9774,,1.3626,4,0.053,1.824,2
SO_BURCO,202402,0.8475,0.0,0.4938,0.8475,0.0,1.8569,0.8085,0.428549552527818,-0.5953,1.9774,0.0,1.4276,4,0.796,1.857,2
SO_BURCO,202403,0.8475,0.0,0.559,0.8475,0.0,1.5708,0.8526,0.05310982531394845,-0.1961,1.9774,0.0,1.1886,4,0.781,1.571,2
SO_BURCO,202404,0.8463,-0.0014169325785449993,0.3353,0.8514,0.004591214139446659,1.6576,0.8748,0.025704784471502817,0.062,1.9748,-0.0013157230783247265,0.873,4,0.732,1.658,1
SO_BURCO,202405,0.8445,-0.002129170428205568,0.6709,0.8614,0.01167691922595826,1.7355,0.8729,-0.002174287061308705,0.4955,1.9706,-0.0021290624963338223,0.4014,4,0.826,1.736,1
SO_BURCO,202406,0.8427,-0.002133713469547105,0.6636,0.8596,-0.002091807851654859,1.3187,0.871,-0.002179024888801312,0.2724,1.9663,-0.0021844607228628243,0.1989,4,0.613,1.319,1
SO_BURCO,202407,0.8182,-0.02950421728300945,0.5171,0.7855,-0.0901467070726796,0.482,0.8457,-0.029477290064326228,0.1071,1.9091,-0.029521677364897636,0.502,4,0.402,0.517,0
SO_BURCO,202408,0.8065,-0.01440290793003468,0.3163,0.8065,0.026383439869587744,0.8155,0.8335,-0.01453098459732785,0.1063,1.8817,-0.014456303250014901,0.4007,4,0.41,0.816,0
SO_BURCO,202409,0.7971,-0.011723756131386015,-0.0005,0.7971,-0.011723756131386015,0.5789,0.843,0.01133325581100672,0.3867,1.193,-0.4557044804526826,-2.5999,4,-0.409,0.579,0
SO_BURCO,202410,0.7673,-0.038102282250258024,-0.1701,0.7673,-0.038102282250258024,0.8327,0.8185,-0.029493561190665818,0.3598,1.2073,0.011915318240425576,-1.8884,4,-0.217,0.833,0
SO_BURCO,202411,0.8274,0.07541039484369164,0.5988,0.8612,0.11544890630658841,2.3248,0.9456,0.14434624984064415,1.7959,1.7899,0.39377329101411257,0.8567,4,1.394,2.325,2
SO_BURCO,202412,0.8863,0.06876723971704109,0.6697,0.9384,0.08584953184905779,3.0254,1.0427,0.09774913514371365,2.9309,2.0782,0.14934238206609196,1.885,4,2.128,3.025,3
SO_BURTINLE,202401,0.8887,,0.7363,0.85,,0.1089,0.3323,,-2.9067,1.6355,,-0.142,4,-0.551,0.736,0
SO_BURTINLE,202402,0.9,0.012635042579881198,1.9895,0.8379,-0.014337587865121376,0.992,1.0172,1.118770858187416,0.8142,1.5621,-0.0459174981414755,0.3412,4,1.034,1.99,1
SO_BURTINLE,202403,0.7758,-0.1485000083184439,0.1366,0.8613,0.027544114175887174,1.597,1.0194,0.0021604643579767498,0.8678,1.7242,0.09873210493886148,0.9699,4,0.893,1.597,1
SO_BURTINLE,202404,0.8117,0.045236058761263104,0.7636,0.8,-0.07383114812720057,1.4951,1.0,-0.01921421892380437,1.2187,1.6,-0.07475954554795189,1.2828,4,1.19,1.495,3
SO_BURTINLE,202405,0.8,-0.014519086099202633,-1.1456,0.8,0.0,-2.0632,1.0,0.0,0.3014,1.6452,0.027858328128396337,-0.8551,4,-0.941,0.301,0
SO_BURTINLE,202406,0.8583,0.07034196105624688,-0.0188,0.8,0.0,-1.1825,1.0,0.0,0.2913,1.6,-0.027858328128396337,-1.233,4,-0.536,0.291,0
SO_BURTINLE,202407,0.85,-0.009717339239812106,0.683,0.8,0.0,-0.4772,1.0,0.0,0.0689,1.6,0.0,-0.445,4,-0.043,0.683,0
SO_BURTINLE,202408,0.8389,-0.013144839632113214,0.4326,0.8,0.0,-0.4772,1.0,0.0,0.2496,1.5778,-0.013972157566883414,-0.5439,4,-0.085,0.433,0
SO_BURTINLE,202409,0.7759,-0.07806786395234525,-0.72,0.8,0.0,-0.4772,1.0,0.0,0.2496,1.5724,-0.0034283571132839863,-0.5677,4,-0.379,0.25,0
SO_BURTINLE,202410,0.8,0.03058808176802369,-0.6213,0.8,0.0,-0.4772,1.0,0.0,0.2496,1.7,0.07802513649660214,-0.0502,4,-0.225,0.25,0
SO_BURTINLE,202411,0.8,0.0,-0.2186,0.8,0.0,-0.4772,1.0,0.0,0.2496,1.7433,0.025151617704862184,0.1409,4,-0.076,0.25,0
SO_BURTINLE,202412,0.8,0.0,-0.2049,0.8,0.0,-0.585,1.0,0.0,1.8277,1.8318,0.049519221219717635,0.5363,4,0.394,1.828,1
SO_BUUHOODLE,202401,,,,,,,,,,,,,0,,,0
SO_BUUHOODLE,202402,,,,,,,,,,,,,0,,,0
SO_BUUHOODLE,202403,,,,,,,,,,,,,0,,,0
SO_BUUHOODLE,202404,,,,,,,,,,,,,0,,,0
SO_BUUHOODLE,202405,,,,,,,,,,,,,0,,,0
SO_BUUHOODLE,202406,,,,,,,,,,,,,0,,,0
SO_BUUHOODLE,202407,,,,,,,,,,,,,0,,,0
SO_BUUHOODLE,202408,,,,,,,,,,,,,0,,,0
SO_BUUHOODLE,202409,,,,,,,,,,,,,0,,,0
SO_BUUHOODLE,202410,,,,,,,,,,,,,0,,,0
SO_BUUHOODLE,202411,,,,,,,,,,,,,0,,,0
SO_BUUHOODLE,202412,,,,,,,,,,,,,0,,,0
SO_BUUR_XAKABA,202401,,,,,,,,,,,,,0,,,0
SO_BUUR_XAKABA,202402,,,,,,,,,,,,,0,,,0
SO_BUUR_XAKABA,202403,,,,,,,,,,,,,0,,,0
SO_BUUR_XAKABA,202404,,,,,,,,,,,,,0,,,0
SO_BUUR_XAKABA,202405,,,,,,,,,,,,,0,,,0
SO_BUUR_XAKABA,202406,,,,,,,,,,,,,0,,,0
SO_BUUR_XAKABA,202407,,,,,,,,,,,,,0,,,0
SO_BUUR_XAKABA,202408,,,,,,,,,,,,,0,,,0
SO_BUUR_XAKABA,202409,,,,,,,,,,,,,0,,,0
SO_BUUR_XAKABA,202410,,,,,,,,,,,,,0,,,0
SO_BUUR_XAKABA,202411,,,,,,,,,,,,,0,,,0
SO_BUUR_XAKABA,202412,,,,,,,,,,,,,0,,,0
SO_CABUDWAAQ,202401,0.72,,0.6624,0.68,,1.2196,0.3,,-2.7515,1.5,,0.5211,4,-0.087,1.22,1
SO_CABUDWAAQ,202402,0.72,0.0,0.793,0.68,0.0,1.2196,0.869,1.063560650609191,0.5701,1.5,0.0,0.5211,4,0.776,1.22,1
SO_CABUDWAAQ,202403,0.72,0.0,-0.163,0.68,0.0,0.8213,0.96,0.09959015919648984,0.8108,1.5,0.0,0.6356,4,0.526,0.821,0
SO_CABUDWAAQ,202404,0.7373,0.023743652985503905,0.42,0.7593,0.1103041580490356,-0.4635,0.8953,-0.0697744268217716,0.0317,1.3833,-0.08099315920953187,-0.7143,4,-0.182,0.42,0
SO_CABUDWAAQ,202405,0.7,-0.05191452995220025,-0.2262,0.75,-0.012323749688831875,-0.8955,0.9,0.005235905684200473,-0.1725,1.4387,0.03926797916221786,-0.4414,4,-0.434,-0.172,0
SO_CABUDWAAQ,202406,0.7467,0.06458316299825145,-0.0691,0.8667,0.14461968960994315,-0.1301,0.8067,-0.10944291138138212,-0.7763,1.2133,-0.17039600798516005,-0.7974,4,-0.443,-0.069,0
SO_CABUDWAAQ,202407,0.8,0.06894822962627128,-0.7427,1.0,0.14306238284183775,0.8204,0.7,-0.14187151689952404,-1.6055,1.0,-0.19334392007569032,-0.789,4,-0.579,0.82,0
SO_CABUDWAAQ,202408,0.8,0.0,-0.6773,1.0,0.0,0.6772,0.7,0.0,-1.6215,1.0,0.0,-1.0364,4,-0.664,0.677,0
SO_CABUDWAAQ,202409,0.7228,-0.10147916894985393,-1.3072,0.691,-0.36961545521446726,-1.6632,0.951,0.30643372750198566,-0.1457,1.4828,0.3939321922944401,-0.601,4,-0.929,-0.146,0
SO_CABUDWAAQ,202410,0.72,-0.003881346707972466,-1.2192,0.68,-0.01604702559751736,-1.7434,0.96,0.009419221916491624,-0.3154,1.5,0.011532915813724287,-0.5622,4,-0.96,-0.315,0
SO_CABUDWAAQ,202411,0.7133,-0.009349122726108439,-1.2553,0.6933,0.019370007778292342,-1.7676,0.96,0.0,-0.467,1.5,0.0,-0.5622,4,-1.013,-0.467,0
SO_CABUDWAAQ,202412,0.71,-0.004637119248631472,-1.3223,0.7,0.009617529094959831,-1.7434,0.96,0.0,1.3201,1.5,0.0,-0.486,4,-0.558,1.32,1
SO_CADAADO,202401,0.9774,,0.6941,1.0548,,1.0748,0.2774,,-2.1487,2.529,,1.0436,4,0.166,1.075,2
SO_CADAADO,202402,0.9848,0.0075425900341892695,0.7427,1.0862,0.02933419112161336,1.4111,0.9517,1.2327893511975665,0.1625,2.7586,0.08689933697145447,1.5692,4,0.971,1.569,2
SO_CADAADO,202403,0.9419,-0.04453946304147236,0.1549,0.9774,-0.10554466076469046,0.2095,1.1355,0.17657850246731543,0.5683,2.4323,-0.12588599289983882,0.9614,4,0.474,0.961,0
SO_CADAADO,202404,0.9733,0.03279324760367658,-0.7053,0.888,-0.09592424184388443,-0.4569,1.1267,-0.00778007637549287,0.0686,2.19,-0.10493576793103432,-0.6216,4,-0.429,0.069,0
SO_CADAADO,202405,0.95,-0.024230374837861505,-0.9471,0.72,-0.2097205309820691,-1.6851,0.8,-0.34243655750219293,-1.4566,2.4,0.09156719352549048,-0.3267,4,-1.104,-0.327,0
SO_CADAADO,202406,1.0667,0.11586306503685065,-0.1969,0.804,0.11034805716886548,-1.4435,0.8933,0.11031074303986603,-1.1024,1.98,-0.19237189264745602,-1.1137,4,-0.964,-0.197,0
SO_CADAADO,202407,1.2,0.11775178614465452,1.8049,0.9,0.11279549414534434,-0.8123,1.0,0.11283280827434368,-0.3223,1.5,-0.27763173659827944,-1.025,4,-0.089,1.805,1
SO_CADAADO,202408,1.2,0.0,1.5403,0.9,0.0,-0.8797,1.0,0.0,-0.5094,1.5,0.0,-0.8464,4,-0.174,1.54,1
SO_CADAADO,202409,0.9466,-0.23720021830394403,0.531,0.7697,-0.15639393478403896,-1.5102,0.9034,-0.10158985576163329,-0.5073,2.369,0.4570028170684841,0.8789,4,-0.152,0.879,0
SO_CADAADO,202410,0.9,-0.05048185414783684,0.6934,0.72,-0.06674961653017086,-1.6187,1.0,0.10158985576163329,0.1559,1.5,-0.4570028170684841,-0.8365,4,-0.401,0.693,0
SO_CADAADO,202411,0.9,0.0,0.687,0.72,0.0,-1.6286,1.0,0.0,0.2363,1.5,0.0,-0.8405,4,-0.386,0.687,0
SO_CADAADO,202412,0.9,0.0,1.0374,0.8918,0.21399068018327538,-0.7979,1.1909,0.17470932379181314,2.1019,1.7864,0.1747373134356467,-0.3817,4,0.49,2.102,2
SO_CADALE,202401,0.99,,1.2172,1.09,,1.1907,0.49,,-2.6323,1.79,,0.8822,4,0.164,1.217,2
SO_CADALE,202402,0.8866,-0.11031102081768238,0.6785,0.98,-0.10638040355857188,0.9818,0.9896,0.7028954299736059,-0.0613,1.7,-0.051587368790493304,0.7938,4,0.598,0.982,0
SO_CADALE,202403,0.8,-0.10278219464302588,0.1533,0.85,-0.14231622218025547,0.4069,1.0,0.010454457903858873,0.332,1.7,0.0,0.5673,4,0.365,0.567,0
SO_CADALE,202404,0.7762,-0.030201508733121385,-1.5904,0.8147,-0.04241640216776604,-1.2698,1.0,0.0,0.2697,1.6524,-0.028399474521697887,-0.752,4,-0.836,0.27,0
SO_CADALE,202405,0.7604,-0.020565608320531892,-1.1118,0.8302,0.018846688302342374,-0.8811,1.0,0.0,0.2394,1.6208,-0.019308922028190567,-0.661,4,-0.604,0.239,0
SO_CADALE,202406,0.7,-0.08276427557086946,-1.0113,0.8,-0.0370549079510111,-0.7878,1.0,0.0,0.4223,1.5,-0.07745474640411754,-0.7083,4,-0.521,0.422,0
SO_CADALE,202407,0.7,0.0,-0.3105,0.8,0.0,0.1346,1.0,0.0,0.1769,1.5,0.0,-0.1537,4,-0.038,0.177,0
SO_CADALE,202408,0.7,0.0,-0.6286,0.8,0.0,-0.072,1.0,0.0,0.1797,1.5,0.0,-0.7257,4,-0.312,0.18,0
SO_CADALE,202409,0.9411,0.2959690688213376,0.8297,0.8651,0.07823337951840126,0.0177,1.0482,0.04707440738592885,0.2307,1.3071,-0.13765416529879537,-1.1333,4,-0.014,0.83,0
SO_CADALE,202410,1.0,0.06070587511739484,1.2392,0.89,0.028376355539856943,0.0807,1.0,-0.04707440738592885,0.0077,1.1,-0.17250076300504408,-1.4783,4,-0.038,1.239,1
SO_CADALE,202411,1.0,0.0,1.2056,0.89,0.0,0.0185,1.0,0.0,-0.0996,1.1,0.0,-1.446,4,-0.08,1.206,1
SO_CADALE,202412,0.8066,-0.2149273965428693,-0.405,0.7675,-0.14808298326483338,-0.376,1.0,0.0,0.2542,1.2773,0.14943829526226923,-0.5797,4,-0.277,0.254,0
SO_CALAWLA,202401,,,,,,,,,,,,,0,,,0
SO_CALAWLA,202402,,,,,,,,,,,,,0,,,0
SO_CALAWLA,202403,,,,,,,,,,,,,0,,,0
SO_CALAWLA,202404,,,,,,,,,,,,,0,,,0
SO_CALAWLA,202405,,,,,,,,,,,,,0,,,0
SO_CALAWLA,202406,,,,,,,,,,,,,0,,,0
SO_CALAWLA,202407,,,,,,,,,,,,,0,,,0
SO_CALAWLA,202408,,,,,,,,,,,,,0,,,0
SO_CALAWLA,202409,,,,,,,,,,,,,0,,,0
SO_CALAWLA,202410,,,,,,,,,,,,,0,,,0
SO_CALAWLA,202411,,,,,,,,,,,,,0,,,0
SO_CALAWLA,202412,,,,,,,,,,,,,0,,,0
SO_CAYNABO,202401,,,,,,,,,,,,,0,,,0
SO_CAYNABO,202402,,,,,,,,,,,,,0,,,0
SO_CAYNABO,202403,,,,,,,,,,,,,0,,,0
SO_CAYNABO,202404,,,,,,,,,,,,,0,,,0
SO_CAYNABO,202405,,,,,,,,,,,,,0,,,0
SO_CAYNABO,202406,,,,,,,,,,,,,0,,,0
SO_CAYNABO,202407,,,,,,,,,,,,,0,,,0
SO_CAYNABO,202408,,,,,,,,,,,,,0,,,0
SO_CAYNABO,202409,,,,,,,,,,,,,0,,,0
SO_CAYNABO,202410,,,,,,,,,,,,,0,,,0
SO_CAYNABO,202411,,,,,,,,,,,,,0,,,0
SO_CAYNABO,202412,,,,,,,,,,,,,0,,,0
SO_CEEL_AFWEIN,202401,,,,,,,,,,,,,0,,,0
SO_CEEL_AFWEIN,202402,,,,,,,,,,,,,0,,,0
SO_CEEL_AFWEIN,202403,,,,,,,,,,,,,0,,,0
SO_CEEL_AFWEIN,202404,,,,,,,,,,,,,0,,,0
SO_CEEL_AFWEIN,202405,,,,,,,,,,,,,0,,,0
SO_CEEL_AFWEIN,202406,,,,,,,,,,,,,0,,,0
SO_CEEL_AFWEIN,202407,,,,,,,,,,,,,0,,,0
SO_CEEL_AFWEIN,202408,,,,,,,,,,,,,0,,,0
SO_CEEL_AFWEIN,202409,,,,,,,,,,,,,0,,,0
SO_CEEL_AFWEIN,202410,,,,,,,,,,,,,0,,,0
SO_CEEL_AFWEIN,202411,,,,,,,,,,,,,0,,,0
SO_CEEL_AFWEIN,202412,,,,,,,,,,,,,0,,,0
SO_CEEL_BARDE,202401,0.8452,,-0.3635,1.0484,,0.8476,0.8,,-1.5465,2.0,,-0.2017,4,-0.316,0.848,0
SO_CEEL_BARDE,202402,0.7621,-0.1034955050698298,-0.8416,0.9586,-0.08954658472372036,-0.3752,0.9724,0.195155514774041,-1.3134,2.0,0.0,-1.4138,4,-0.986,-0.375,0
SO_CEEL_BARDE,202403,0.7,-0.08499744562866718,-0.348,0.9,-0.06307912340122014,0.0865,1.0,0.027988036540168713,-0.6243,2.0,0.0,-0.3173,4,-0.301,0.086,0
SO_CEEL_BARDE,202404,0.67,-0.0438026226583928,-1.3188,0.8467,-0.061048322676079236,-1.0012,1.0047,0.0046889894861314695,-0.5544,2.0467,0.023081559443321242,-0.7088,4,-0.896,-0.554,0
SO_CEEL_BARDE,202405,0.6,-0.11034805716886548,-1.4341,0.8,-0.05673471298030419,-1.1808,1.0419,0.036356979949869556,-0.6882,2.0,-0.023081559443321242,-0.2225,4,-0.881,-0.222,0
SO_CEEL_BARDE,202406,0.6467,0.07495285323640083,-0.6935,0.8,0.0,-1.2496,1.0593,0.016562343184312253,-0.1686,2.0,0.0,0.2576,4,-0.464,0.258,0
SO_CEEL_BARDE,202407,0.7,0.07919782659085745,-1.1516,0.8,0.0,-0.5207,1.0667,0.006961458028986796,-0.6598,2.2,0.09531017980432499,1.5848,4,-0.187,1.585,1
SO_CEEL_BARDE,202408,0.7044,0.0062660415786465196,-0.8025,0.8404,0.04926624130291804,-0.3386,1.1144,0.04374637283415887,-1.1461,2.2156,0.007065886812541389,0.9495,4,-0.334,0.95,0
SO_CEEL_BARDE,202409,0.72,0.021904835388049826,-0.7327,0.8387,-0.002024894980479558,-0.2569,1.1155,0.0009865914069911441,-1.1183,2.2,-0.007065886812541389,0.9373,4,-0.293,0.937,0
SO_CEEL_BARDE,202410,0.7632,0.05826890812397578,-0.6042,0.8888,0.058019164335054454,0.0797,1.2,0.0730188219035045,-0.8779,2.1624,-0.017238644384169555,0.8584,4,-0.136,0.858,0
SO_CEEL_BARDE,202411,0.7757,0.016245727362749096,-1.175,0.9,0.012522524998890491,-0.7184,1.206,0.004987541511039084,-1.2891,2.038,-0.059249781179567695,0.0929,4,-0.772,0.093,0
SO_CEEL_BARDE,202412,0.77,-0.007375332649096289,-1.5869,0.9191,0.021000167039753062,-1.1371,1.23,0.019705071079332448,0.0695,2.0166,-0.01055600982355509,0.1367,4,-0.629,0.137,0
SO_CEEL_BUUR,202401,,,,,,,,,,,,,0,,,0
SO_CEEL_BUUR,202402,,,,,,,,,,,,,0,,,0
SO_CEEL_BUUR,202403,,,,,,,,,,,,,0,,,0
SO_CEEL_BUUR,202404,,,,,,,,,,,,,0,,,0
SO_CEEL_BUUR,202405,,,,,,,,,,,,,0,,,0
SO_CEEL_BUUR,202406,,,,,,,,,,,,,0,,,0
SO_CEEL_BUUR,202407,,,,,,,,,,,,,0,,,0
SO_CEEL_BUUR,202408,,,,,,,,,,,,,0,,,0
SO_CEEL_BUUR,202409,,,,,,,,,,,,,0,,,0
SO_CEEL_BUUR,202410,,,,,,,,,,,,,0,,,0
SO_CEEL_BUUR,202411,,,,,,,,,,,,,0,,,0
SO_CEEL_BUUR,202412,,,,,,,,,,,,,0,,,0
SO_CEEL_DHEER,202401,,,,,,,,,,,,,0,,,0
SO_CEEL_DHEER,202402,,,,,,,,,,,,,0,,,0
SO_CEEL_DHEER,202403,,,,,,,,,,,,,0,,,0
SO_CEEL_DHEER,202404,,,,,,,,,,,,,0,,,0
SO_CEEL_DHEER,202405,,,,,,,,,,,,,0,,,0
SO_CEEL_DHEER,202406,,,,,,,,,,,,,0,,,0
SO_CEEL_DHEER,202407,,,,,,,,,,,,,0,,,0
SO_CEEL_DHEER,202408,,,,,,,,,,,,,0,,,0
SO_CEEL_DHEER,202409,,,,,,,,,,,,,0,,,0
SO_CEEL_DHEER,202410,,,,,,,,,,,,,0,,,0
SO_CEEL_DHEER,202411,,,,,,,,,,,,,0,,,0
SO_CEEL_DHEER,202412,,,,,,,,,,,,,0,,,0
SO_CEEL_WAAQ,202401,0.8452,,1.141,1.0129,,-0.1261,0.9,,0.3427,2.0,,0.7113,4,0.517,1.141,1
SO_CEEL_WAAQ,202402,0.8,-0.05496155807397424,0.9528,0.9,-0.11817801936844062,-0.581,0.9862,0.09146441046571493,0.8259,2.0,0.0,-0.0394,4,0.29,0.953,0
SO_CEEL_WAAQ,202403,0.7458,-0.0701542599232069,0.6021,0.9406,0.04412320618663683,-0.3932,0.9729,-0.013577871808643739,0.6597,1.8194,-0.0946404041541209,-0.7365,4,0.033,0.66,0
SO_CEEL_WAAQ,202404,0.7813,0.046501731257978185,-0.5191,0.9713,0.03211741089733733,-0.8885,0.979,0.0062503405491284025,-0.9048,1.86,0.02206971131928559,-0.8199,4,-0.783,-0.519,0
SO_CEEL_WAAQ,202405,0.8,0.02365252866522871,0.0987,1.2,0.21144145536780673,-0.2089,1.0,0.021223636451626688,-0.9847,2.0,0.0725706928348353,-1.407,4,-0.625,0.099,0
SO_CEEL_WAAQ,202406,0.8233,0.028708926636453025,0.1564,1.144,-0.04779066383634853,-1.4325,1.0,0.0,-0.5962,2.0,0.0,-1.31,4,-0.796,0.156,0
SO_CEEL_WAAQ,202407,0.9,0.0890741090199304,1.2945,1.0,-0.13453089295760606,-0.4471,1.0,0.0,0.5451,2.0,0.0,-0.5541,4,0.21,1.294,1
SO_CEEL_WAAQ,202408,0.9,0.0,1.0463,1.0,0.0,-0.5702,1.0,0.0,-0.1355,2.0,0.0,-1.318,4,-0.244,1.046,1
SO_CEEL_WAAQ,202409,0.9,0.0,0.2646,1.0,0.0,-0.6226,1.0,0.0,0.1187,2.0,0.0,-1.3521,4,-0.398,0.265,0
SO_CEEL_WAAQ,202410,0.8032,-0.113791014386846,-0.6889,0.9296,-0.07300089288449028,-0.7663,0.9384,-0.06357898164287133,-0.756,1.912,-0.04499736593073578,-1.1352,4,-0.837,-0.689,0
SO_CEEL_WAAQ,202411,0.68,-0.16651095076731234,-1.6974,0.84,-0.10135249426028752,-1.0804,0.86,-0.08724390809171233,-1.3751,1.8,-0.06036314972709045,-1.1132,4,-1.317,-1.08,0
SO_CEEL_WAAQ,202412,0.68,0.0,-2.0668,0.84,0.0,-1.0159,0.86,0.0,-0.8496,1.8,0.0,-0.7718,4,-1.176,-0.772,0
SO_CEERIGAABO,202401,0.8475,,-0.1261,0.8475,,0.2167,0.565,,-0.7609,1.9209,,0.1028,4,-0.142,0.217,0
SO_CEERIGAABO,202402,0.8475,0.0,-0.1282,0.8475,0.0,0.3567,0.8572,0.416845532452981,-0.269,1.9209,0.0,0.0812,4,0.01,0.357,0
SO_CEERIGAABO,202403,0.8475,0.0,-0.1282,0.8475,0.0,-0.7321,0.904,0.05315809679275463,-0.1902,1.9209,0.0,-1.506,4,-0.639,-0.128,0
SO_CEERIGAABO,202404,0.8463,-0.0014169325785449993,-2.6759,0.8633,0.018471415986871575,-0.6616,0.8985,-0.006102654168562829,-2.5699,1.9184,-0.001302320919616351,-1.377,4,-1.821,-0.662,0
SO_CEERIGAABO,202405,0.8445,-0.002129170428205568,-0.5432,0.8614,-0.0022032826214666568,0.2124,0.8445,-0.0619819699757589,-0.7296,1.9143,-0.0021394847308390252,0.1281,4,-0.233,0.212,0
SO_CEERIGAABO,202406,0.8427,-0.002133713469547105,-0.1282,0.8596,-0.002091807851654859,-0.0132,0.8427,-0.002133713469547105,-0.2854,1.9101,-0.0021964238513214607,0.0704,4,-0.089,0.07,0
SO_CEERIGAABO,202407,0.8182,-0.02950421728300945,-0.1282,0.8345,-0.029634421666465627,0.2253,0.8182,-0.02950421728300945,-0.2854,1.8545,-0.029540478761443834,0.0493,4,-0.035,0.225,0
SO_CEERIGAABO,202408,0.8065,-0.01440290793003468,-0.254,0.8226,-0.014362687305566085,0.2586,0.8065,-0.01440290793003468,-0.5036,1.828,-0.014392644915550146,0.05,4,-0.112,0.259,0
SO_CEERIGAABO,202409,0.7971,-0.011723756131386015,-0.254,0.8015,-0.02598508374671607,0.0437,0.8356,0.03544613211714717,-0.4262,1.1911,-0.4283452231272401,-1.5513,4,-0.547,0.044,0
SO_CEERIGAABO,202410,0.7673,-0.038102282250258024,-0.254,0.8042,0.003363022413566036,0.2927,0.8922,0.06554029301175365,-0.2333,1.2073,0.013509211451486453,-1.2816,4,-0.369,0.293,0
SO_CEERIGAABO,202411,0.8274,0.07541039484369164,-0.0605,0.8781,0.08791248790277617,0.7028,0.9794,0.09324981657405267,-0.0338,1.6211,0.29471846980918576,-0.1411,4,0.117,0.703,0
SO_CEERIGAABO,202412,0.8863,0.06876723971704109,-0.1259,0.9384,0.06641581497331588,1.0397,1.0427,0.06262864252733036,0.2524,2.0664,0.24270303163410312,0.9976,4,0.541,1.04,1
SO_DHUUSAMAREEB,202401,,,,,,,,,,,,,0,,,0
SO_DHUUSAMAREEB,202402,,,,,,,,,,,,,0,,,0
SO_DHUUSAMAREEB,202403,,,,,,,,,,,,,0,,,0
SO_DHUUSAMAREEB,202404,,,,,,,,,,,,,0,,,0
SO_DHUUSAMAREEB,202405,,,,,,,,,,,,,0,,,0
SO_DHUUSAMAREEB,202406,,,,,,,,,,,,,0,,,0
SO_DHUUSAMAREEB,202407,,,,,,,,,,,,,0,,,0
SO_DHUUSAMAREEB,202408,,,,,,,,,,,,,0,,,0
SO_DHUUSAMAREEB,202409,,,,,,,,,,,,,0,,,0
SO_DHUUSAMAREEB,202410,,,,,,,,,,,,,0,,,0
SO_DHUUSAMAREEB,202411,,,,,,,,,,,,,0,,,0
SO_DHUUSAMAREEB,202412,,,,,,,,,,,,,0,,,0
SO_DIINSOOR,202401,1.0777,,-0.7682,1.0,,-0.159,1.0,,-0.4337,2.0,,-0.2823,4,-0.411,-0.159,0
SO_DIINSOOR,202402,1.081,0.003057398036422118,-0.8297,1.0,0.0,-0.3749,1.0603,0.058551886949615495,-0.7521,2.0,0.0,-0.2649,4,-0.555,-0.265,0
SO_DIINSOOR,202403,1.0877,0.006178836460596235,-0.9594,1.0689,0.06663008229776296,-1.026,1.2469,0.16210858407078785,-0.3813,1.9578,-0.02132578671475238,-0.3409,4,-0.677,-0.341,0
SO_DIINSOOR,202404,1.4133,0.2618620202743006,0.1684,1.4367,0.2957187347367734,1.7856,1.69,0.3040680579145788,2.3815,2.8833,0.3871140776700184,0.9359,4,1.318,2.382,2
SO_DIINSOOR,202405,1.2548,-0.11895119805758209,-0.5993,1.2484,-0.14048608562004908,-0.7693,1.2968,-0.26482883749565284,-0.4871,3.0,0.0396768171528985,0.1055,4,-0.438,0.106,0
SO_DIINSOOR,202406,1.0023,-0.2246788382857025,-1.0329,1.03,-0.19230392917294287,-1.0347,1.1467,-0.1230114393772076,-0.9612,3.0,0.0,0.0687,4,-0.74,0.069,0
SO_DIINSOOR,202407,1.0667,0.06227241160061661,-1.5251,0.9667,-0.06342587175312174,0.0127,1.0333,-0.1041306878239494,-1.2734,3.6667,0.2006797863299199,-0.1421,4,-0.732,0.013,0
SO_DIINSOOR,202408,0.8778,-0.19490627237730346,-1.9764,0.9519,-0.015428222213300202,0.3799,1.0741,0.03872553738369203,-0.6774,5.8926,0.4744052514116168,0.843,4,-0.358,0.843,0
SO_DIINSOOR,202409,0.9207,0.04771547303966649,-1.4846,0.9241,-0.02963969636326476,0.2576,1.1483,0.06679948617814234,0.6127,6.0517,0.02664189789785687,1.0274,4,0.103,1.027,1
SO_DIINSOOR,202410,1.1336,0.20801943808267048,0.1309,0.984,0.06280560615825863,0.6273,1.194,0.03902642717040364,0.7155,6.0,-0.008579755079448415,0.8892,4,0.591,0.889,0
SO_DIINSOOR,202411,1.164,0.026463939914912443,0.7436,1.13,0.13834701465413277,1.551,1.305,0.08889402580424638,1.4153,6.0433,0.007190751135581985,0.7814,4,1.123,1.551,2
SO_DIINSOOR,202412,1.0,-0.15186234930924603,0.2727,1.0159,-0.10644271360888688,0.9468,1.035,-0.23180161405732436,0.2697,6.0045,-0.006441032245035894,0.695,4,0.546,0.947,0
SO_DOOLOW,202401,0.8,,-0.2236,0.8548,,0.1777,0.5,,-3.848,2.0,,0.081,4,-0.953,0.178,0
SO_DOOLOW,202402,0.8,0.0,-0.2733,0.8255,-0.03487826008480985,-0.188,0.8931,0.5800904582676486,-0.6661,1.8266,-0.09069086528450376,-0.5035,4,-0.408,-0.188,0
SO_DOOLOW,202403,0.7616,-0.049190244190771726,-0.6108,0.7823,-0.05375096466914778,-0.6807,0.9226,0.032497214433879734,-0.6046,1.6768,-0.0855691001308555,-0.5981,4,-0.624,-0.598,0
SO_DOOLOW,202404,0.651,-0.15691184126858632,-2.2513,0.7943,0.015222924948051442,-1.1231,1.0133,0.09377183933055182,0.0303,1.6967,0.011797972922170774,-1.4067,4,-1.188,0.03,0
SO_DOOLOW,202405,0.7,0.0725706928348353,-1.7727,0.8152,0.025972258269428727,-1.0858,1.1677,0.1418236706273972,1.3038,1.3677,-0.21555469116138848,-2.3031,4,-0.964,1.304,1
SO_DOOLOW,202406,0.7,0.0,-1.4609,0.797,-0.022578803118300017,-0.9251,1.0,-0.1550360020995321,-0.0951,2.0,0.38001668365457697,0.1504,4,-0.583,0.15,0
SO_DOOLOW,202407,0.7133,0.018821754240587907,-1.0791,0.7733,-0.030187607175225367,-1.1171,1.0,0.0,-0.0634,1.6267,-0.2065937577696746,-1.2491,4,-0.877,-0.063,0
SO_DOOLOW,202408,0.7105,-0.0039331417468371765,-1.471,0.7705,-0.003627416854819321,-1.3551,0.9284,-0.07429260458185508,-0.9592,1.7523,0.07437578794196564,-0.9642,4,-1.187,-0.959,0
SO_DOOLOW,202409,0.6131,-0.14744089276851313,-2.1798,0.7503,-0.026566528208487372,-1.7436,0.8355,-0.10543232636483355,-1.9624,1.7,-0.030300959670065963,-1.2623,4,-1.787,-1.262,0
SO_DOOLOW,202410,0.54,-0.1269589152103221,-2.5443,0.74,-0.013822940353467594,-1.7772,0.8,-0.04341862036752109,-2.0768,1.7,0.0,-1.1323,4,-1.883,-1.132,0
SO_DOOLOW,202411,0.54,0.0,-2.514,0.74,0.0,-1.7551,0.8,0.0,-2.124,1.79,0.051587368790493304,-0.8314,4,-1.806,-0.831,0
SO_DOOLOW,202412,0.5877,0.08464747406028461,-1.8144,0.7448,0.0064655397646419255,-1.0465,0.8955,0.11277049383283909,0.0512,1.8,0.005571045049455381,-0.9914,4,-0.95,0.051,0
SO_EYL,202401,0.9677,,1.1934,1.0,,1.9323,0.3,,-3.5527,1.7226,,-0.1096,4,-0.134,1.932,2
SO_EYL,202402,0.9379,-0.031278788372004075,0.8297,1.0,0.0,1.7027,0.9897,1.1936193922464444,-0.1136,1.7,-0.013206526310765798,-0.2506,4,0.542,1.703,1
SO_EYL,202403,0.8306,-0.1214950023182396,-0.8341,0.9323,-0.07010062767948907,0.1049,1.1,0.10566359188381653,0.1722,1.7,0.0,-0.1573,4,-0.179,0.172,0
SO_EYL,202404,0.8533,0.02696285434588594,-0.9172,0.9533,0.022274998196884527,0.186,1.1467,0.04157807225779675,0.06,1.7467,0.027100042390039714,-0.5717,4,-0.311,0.186,0
SO_EYL,202405,0.9387,0.09538475380040702,-0.0082,1.0,0.04782562948260455,0.4105,1.1161,-0.027047786382589423,-0.0966,1.7226,-0.013893516079273915,-0.5252,4,-0.055,0.41,0
SO_EYL,202406,1.0,0.06325933963919093,0.4504,1.0,0.0,0.1444,1.2,0.07248109111442233,0.2047,1.7,-0.013206526310765798,-0.7437,4,0.014,0.45,0
SO_EYL,202407,1.0,0.0,0.4009,1.0,0.0,0.0846,1.1333,-0.057187826037188916,-0.279,1.7,0.0,-0.7939,4,-0.147,0.401,0
SO_EYL,202408,0.9556,-0.045415863530482575,0.095,1.0,0.0,0.2273,1.07,-0.05747508228295081,-0.6008,1.7,0.0,-0.9105,4,-0.297,0.227,0
SO_EYL,202409,0.8,-0.17772768778372713,-1.7904,1.0,0.0,-0.0183,1.0,-0.06765864847381486,-0.8544,1.6517,-0.028823190517262787,-0.7231,4,-0.847,-0.018,0
SO_EYL,202410,0.85,0.06062462181643477,-0.999,0.9,-0.10536051565782628,-1.0574,1.0,0.0,-0.8454,1.872,0.12520231751049282,0.0966,4,-0.701,0.097,0
SO_EYL,202411,0.85,0.0,-1.0158,0.9,0.0,-0.9163,1.0,0.0,-0.5043,1.8233,-0.02635933199237861,-0.1344,4,-0.643,-0.134,0
SO_EYL,202412,0.85,0.0,-0.9765,0.9,0.0,-0.8784,1.0,0.0,0.5937,1.7261,-0.05478351765251532,-0.3567,4,-0.404,0.594,0
SO_GAALKACYO,202401,0.8,,-1.9036,0.6,,-1.8207,0.1,,-2.7097,1.5,,-1.4284,4,-1.966,-1.428,0
SO_GAALKACYO,202402,0.9034,0.12155369555257642,-1.4642,0.7862,0.27028155777161367,-1.0918,0.809,2.0906287310704004,-0.9644,1.5966,0.06241126012139708,-1.2403,4,-1.19,-0.964,0
SO_GAALKACYO,202403,0.85,-0.06092907373614165,-1.2557,0.9,0.1351835503365508,-0.5607,0.9226,0.13139685406522839,0.1841,2.2226,0.33080131353984754,0.8656,4,-0.192,0.866,0
SO_GAALKACYO,202404,0.745,-0.13185213110480262,-1.696,0.825,-0.08701137698962985,-0.9293,0.946,0.025046797928158095,0.2163,2.29,0.029874135796739254,0.6871,4,-0.43,0.687,0
SO_GAALKACYO,202405,0.5,-0.3987761199573677,-2.3357,0.65,-0.2384110234449981,-1.4874,0.82,-0.14293822879357948,-0.2638,2.5,0.08773891430800684,1.2458,4,-0.71,1.246,1
SO_GAALKACYO,202406,0.5,0.0,-2.1849,0.6267,-0.036504405659052996,-1.6631,0.9973,0.1957472871495235,0.1783,2.5,0.0,1.4155,4,-0.564,1.416,1
SO_GAALKACYO,202407,0.5667,0.12522196475338176,-1.8199,0.65,0.036504405659052996,-1.6465,1.0,0.002703651574314823,0.1748,2.0333,-0.2066306429399961,-0.0659,4,-0.839,0.175,0
SO_GAALKACYO,202408,0.5,-0.12522196475338176,-2.0733,1.2,0.6131044728864088,0.2441,1.0,0.0,0.0628,1.5,-0.3041949808259946,-1.6529,4,-0.855,0.244,0
SO_GAALKACYO,202409,0.5,0.0,-1.8955,1.0672,-0.11728316061473244,-0.218,1.0,0.0,0.0142,1.7414,0.14922427930421378,-0.8844,4,-0.746,0.014,0
SO_GAALKACYO,202410,0.6,0.18232155679395456,-1.6215,1.2,0.11728316061473244,0.3294,1.2,0.1823215567939546,0.4433,2.0,0.13845779314756712,0.1662,4,-0.171,0.443,0
SO_GAALKACYO,202411,0.635,0.05669534367654533,-1.5394,1.2,0.0,0.3037,1.2,0.0,0.4459,2.1,0.04879016416943205,0.4171,4,-0.093,0.446,0
SO_GAALKACYO,202412,0.6,-0.05669534367654533,-1.64,1.2,0.0,0.2689,1.2,0.0,0.9259,2.0227,-0.03750409215246453,0.0705,4,-0.094,0.926,0
SO_GABILEY,202401,,,,,,,,,,,,,0,,,0
SO_GABILEY,202402,,,,,,,,,,,,,0,,,0
SO_GABILEY,202403,,,,,,,,,,,,,0,,,0
SO_GABILEY,202404,,,,,,,,,,,,,0,,,0
SO_GABILEY,202405,,,,,,,,,,,,,0,,,0
SO_GABILEY,202406,,,,,,,,,,,,,0,,,0
SO_GABILEY,202407,,,,,,,,,,,,,0,,,0
SO_GABILEY,202408,,,,,,,,,,,,,0,,,0
SO_GABILEY,202409,,,,,,,,,,,,,0,,,0
SO_GABILEY,202410,,,,,,,,,,,,,0,,,0
SO_GABILEY,202411,,,,,,,,,,,,,0,,,0
SO_GABILEY,202412,,,,,,,,,,,,,0,,,0
SO_GARBAHAARAY,202401,,,,,,,,,,,,,0,,,0
SO_GARBAHAARAY,202402,,,,,,,,,,,,,0,,,0
SO_GARBAHAARAY,202403,,,,,,,,,,,,,0,,,0
SO_GARBAHAARAY,202404,,,,,,,,,,,,,0,,,0
SO_GARBAHAARAY,202405,,,,,,,,,,,,,0,,,0
SO_GARBAHAARAY,202406,,,,,,,,,,,,,0,,,0
SO_GARBAHAARAY,202407,,,,,,,,,,,,,0,,,0
SO_GARBAHAARAY,202408,,,,,,,,,,,,,0,,,0
SO_GARBAHAARAY,202409,,,,,,,,,,,,,0,,,0
SO_GARBAHAARAY,202410,,,,,,,,,,,,,0,,,0
SO_GARBAHAARAY,202411,,,,,,,,,,,,,0,,,0
SO_GARBAHAARAY,202412,,,,,,,,,,,,,0,,,0
SO_GAROOWE,202401,0.8774,,-0.1267,0.8,,0.868,0.5,,-2.6219,1.6,,0.2875,4,-0.398,0.868,0
SO_GAROOWE,202402,0.8759,-0.001711059563070244,0.1326,0.8483,0.05862261914576178,1.2722,0.9552,0.6473126442161459,0.4041,1.6759,0.04634670516295497,0.1172,4,0.482,1.272,1
SO_GAROOWE,202403,0.7758,-0.12135717416317643,-2.2705,0.8113,-0.04459644741266977,0.4818,1.0,0.04583453634379936,0.0578,1.8,0.07143633049342846,0.4624,4,-0.317,0.482,0
SO_GAROOWE,202404,0.765,-0.014018921179331012,-2.299,0.8117,0.000492914366110625,0.2765,1.0,0.0,-0.2755,1.74,-0.03390155167568143,-0.07,4,-0.592,0.276,0
SO_GAROOWE,202405,0.8,0.04473589384139148,-1.7381,0.8,-0.014519086099202633,0.2745,1.0,0.0,-0.3475,1.6,-0.083881483980702,-0.4954,4,-0.577,0.274,0
SO_GAROOWE,202406,0.8,0.0,-1.8042,0.8,0.0,0.3995,1.0,0.0,-0.4518,1.6,0.0,-0.2947,4,-0.538,0.4,0
SO_GAROOWE,202407,0.8,0.0,-1.7834,0.8,0.0,0.1053,1.0,0.0,-0.7643,1.5667,-0.021032132828431305,-0.6709,4,-0.778,0.105,0
SO_GAROOWE,202408,0.7741,-0.03291066345725957,-2.0533,0.8,0.0,0.0303,1.0,0.0,-0.7838,1.5481,-0.011943123853021542,-0.7324,4,-0.885,0.03,0
SO_GAROOWE,202409,0.8,0.03291066345725957,-1.7075,0.8,0.0,0.0325,1.0,0.0,-0.3877,1.6241,0.047925443634137366,-0.3254,4,-0.597,0.032,0
SO_GAROOWE,202410,0.8,0.0,-1.7627,0.8,0.0,-0.0483,1.0,0.0,-0.3366,1.8,0.10283284870369891,0.2889,4,-0.465,0.289,0
SO_GAROOWE,202411,0.7783,-0.02749967370258488,-1.7945,0.8,0.0,-0.1067,1.0,0.0,-0.0065,1.8,0.0,0.3557,4,-0.388,0.356,0
SO_GAROOWE,202412,0.7739,-0.005669387688928995,-1.5632,0.8,0.0,0.0687,1.0,0.0,1.4754,1.7364,-0.03597266045881764,0.2483,4,0.057,1.475,1
SO_GOLDOGOB,202401,,,,,,,,,,,,,0,,,0
SO_GOLDOGOB,202402,,,,,,,,,,,,,0,,,0
SO_GOLDOGOB,202403,,,,,,,,,,,,,0,,,0
SO_GOLDOGOB,202404,,,,,,,,,,,,,0,,,0
SO_GOLDOGOB,202405,,,,,,,,,,,,,0,,,0
SO_GOLDOGOB,202406,,,,,,,,,,,,,0,,,0
SO_GOLDOGOB,202407,,,,,,,,,,,,,0,,,0
SO_GOLDOGOB,202408,,,,,,,,,,,,,0,,,0
SO_GOLDOGOB,202409,,,,,,,,,,,,,0,,,0
SO_GOLDOGOB,202410,,,,,,,,,,,,,0,,,0
SO_GOLDOGOB,202411,,,,,,,,,,,,,0,,,0
SO_GOLDOGOB,202412,,,,,,,,,,,,,0,,,0
SO_HARGEYSA,202401,0.8475,,0.3415,0.8475,,1.261,0.5832,,-2.9288,1.9209,,0.0013,4,-0.331,1.261,1
SO_HARGEYSA,202402,0.8475,0.0,0.572,0.8475,0.0,1.1931,0.8163,0.33625175376286187,-0.6222,1.9209,0.0,0.3705,4,0.378,1.193,1
SO_HARGEYSA,202403,0.8475,0.0,0.5698,0.8475,0.0,1.1353,0.8475,0.03750890479729502,-0.3064,1.9209,0.0,0.1041,4,0.376,1.135,1
SO_HARGEYSA,202404,0.8463,-0.0014169325785449993,0.1283,0.8633,0.018471415986871575,1.347,0.8582,0.01254633330281893,-0.2445,1.9184,-0.001302320919616351,-0.2054,4,0.256,1.347,1
SO_HARGEYSA,202405,0.8445,-0.002129170428205568,0.1727,0.8614,-0.0022032826214666568,0.7974,0.8445,-0.016092436309569497,-0.5421,1.9143,-0.0021394847308390252,-0.6383,4,-0.053,0.797,0
SO_HARGEYSA,202406,0.8427,-0.002133713469547105,0.0982,0.8596,-0.002091807851654859,0.6614,0.8427,-0.002133713469547105,-0.4018,1.9101,-0.0021964238513214607,-0.4481,4,-0.023,0.661,0
SO_HARGEYSA,202407,0.8182,-0.02950421728300945,-0.063,0.8345,-0.029634421666465627,0.6985,0.8182,-0.02950421728300945,-0.2285,1.8545,-0.029540478761443834,-0.3465,4,0.015,0.698,0
SO_HARGEYSA,202408,0.8065,-0.01440290793003468,-0.1988,0.7666,-0.08486759015543516,-0.6147,0.8065,-0.01440290793003468,-0.5188,1.828,-0.014392644915550146,-0.1677,4,-0.375,-0.168,0
SO_HARGEYSA,202409,0.7971,-0.011723756131386015,-0.8198,0.7825,0.02052876946785362,-0.5608,0.8356,0.03544613211714717,-0.4718,1.1911,-0.4283452231272401,-2.1292,4,-0.995,-0.472,0
SO_HARGEYSA,202410,0.7673,-0.038102282250258024,-0.6697,0.7673,-0.019616063230688735,0.0415,0.8185,-0.020676632871221123,-0.1855,1.2073,0.013509211451486453,-1.7626,4,-0.644,0.042,0
SO_HARGEYSA,202411,0.8274,0.07541039484369164,0.1963,0.8612,0.11544890630658841,2.4289,0.9456,0.14434624984064415,1.2811,1.6211,0.29471846980918576,-0.2531,4,0.913,2.429,2
SO_HARGEYSA,202412,0.8863,0.06876723971704109,0.8247,0.9384,0.08584953184905779,3.2429,1.0427,0.09774913514371365,2.7437,2.0664,0.24270303163410312,1.0826,4,1.973,3.243,3
SO_HOBYO,202401,2.0,,-0.8609,1.7,,-0.579,0.5,,-1.5524,2.6,,0.8206,4,-0.543,0.821,0
SO_HOBYO,202402,2.0,0.0,-0.8609,1.7,0.0,-0.579,1.2759,0.9367989925055058,0.3795,2.6,0.0,0.8206,4,-0.06,0.821,0
SO_HOBYO,202403,2.0,0.0,0.1612,1.7,0.0,0.3057,1.4,0.09282042467565238,1.1534,2.6,0.0,-0.0195,4,0.4,1.153,1
SO_HOBYO,202404,2.0,0.0,2.1414,1.7,0.0,1.0065,1.4,0.0,1.2204,2.6,0.0,0.5355,4,1.226,2.141,3
SO_HOBYO,202405,2.0,0.0,1.2492,1.7,0.0,0.1554,1.4,0.0,0.9714,2.6,0.0,-0.3931,4,0.496,1.249,1
SO_HOBYO,202406,2.0,0.0,1.0884,1.7,0.0,0.0925,1.4,0.0,1.0248,2.6,0.0,-0.4555,4,0.438,1.088,2
SO_HOBYO,202407,2.0,0.0,1.0951,1.7,0.0,0.0632,1.4,0.0,1.411,2.6,0.0,-0.9312,4,0.41,1.411,2
SO_HOBYO,202408,2.0,0.0,1.0951,1.7,0.0,0.0,1.4,0.0,1.3695,2.6,0.0,-0.9312,4,0.383,1.37,2
SO_HOBYO,202409,2.0,0.0,1.0951,1.7,0.0,0.0,1.4,0.0,1.3695,2.6,0.0,-0.9312,4,0.383,1.37,2
SO_HOBYO,202410,2.0,0.0,1.0951,1.7,0.0,0.0,1.4,0.0,1.3695,2.6,0.0,-0.9312,4,0.383,1.37,2
SO_HOBYO,202411,2.0,0.0,1.0951,1.7,0.0,-0.0126,1.4667,0.046542742649359536,0.8632,2.6,0.0,-0.7677,4,0.294,1.095,1
SO_HOBYO,202412,2.0,0.0,1.0951,1.7,0.0,0.1896,1.5,0.022450128837591954,1.5101,2.6,0.0,-0.7449,4,0.512,1.51,2
SO_ISKUSHUBAN,202401,,,,,,,,,,,,,0,,,0
SO_ISKUSHUBAN,202402,,,,,,,,,,,,,0,,,0
SO_ISKUSHUBAN,202403,,,,,,,,,,,,,0,,,0
SO_ISKUSHUBAN,202404,,,,,,,,,,,,,0,,,0
SO_ISKUSHUBAN,202405,,,,,,,,,,,,,0,,,0
SO_ISKUSHUBAN,202406,,,,,,,,,,,,,0,,,0
SO_ISKUSHUBAN,202407,,,,,,,,,,,,,0,,,0
SO_ISKUSHUBAN,202408,,,,,,,,,,,,,0,,,0
SO_ISKUSHUBAN,202409,,,,,,,,,,,,,0,,,0
SO_ISKUSHUBAN,202410,,,,,,,,,,,,,0,,,0
SO_ISKUSHUBAN,202411,,,,,,,,,,,,,0,,,0
SO_ISKUSHUBAN,202412,,,,,,,,,,,,,0,,,0
SO_JALALAQSI,202401,0.9225,,-0.3961,0.94,,-0.0617,0.4063,,-2.1187,1.593,,0.468,4,-0.527,0.468,0
SO_JALALAQSI,202402,0.9,-0.024692612590371463,-0.3812,0.85,-0.10064352577968741,-0.2519,1.0397,0.9395956859902435,-0.4329,1.53,-0.040351295523567365,0.429,4,-0.159,0.429,0
SO_JALALAQSI,202403,0.9,0.0,0.6682,0.85,0.0,0.2953,1.15,0.10082973237337109,0.5514,1.53,0.0,0.0414,4,0.389,0.668,0
SO_JALALAQSI,202404,0.9233,0.025559445454271454,0.2644,0.885,0.04035129552356741,-0.3335,1.1383,-0.010226021026124632,0.7655,1.4997,-0.020002647298846765,-2.4488,4,-0.438,0.766,0
SO_JALALAQSI,202405,0.9,-0.025559445454271454,0.4542,0.85,-0.04035129552356741,-0.6909,1.15,0.010226021026124632,0.5473,1.53,0.020002647298846765,-1.3254,4,-0.254,0.547,0
SO_JALALAQSI,202406,0.97,0.07490130817311771,0.838,0.99,0.15246859364427348,-0.2269,1.15,0.0,0.693,1.4903,-0.026290293431734058,-1.2072,4,0.024,0.838,0
SO_JALALAQSI,202407,1.0,0.030459207484708574,0.5689,1.0,0.01005033585350145,0.1139,1.1,-0.04445176257083369,-0.0233,1.4,-0.06250520535139714,-0.8054,4,-0.036,0.569,0
SO_JALALAQSI,202408,0.9422,-0.059537712716196275,0.4501,1.0,0.0,0.1139,1.1481,0.042798222313304185,0.1023,1.4481,0.03378011573120693,-0.6434,4,0.006,0.45,0
SO_JALALAQSI,202409,0.9066,-0.03851622775919193,0.3768,1.0241,0.023814178099254887,0.1908,1.031,-0.10757919708280633,-0.2031,1.5724,0.08235076221314841,-0.2251,4,0.035,0.377,0
SO_JALALAQSI,202410,0.6,-0.41277168329060254,-0.2973,1.0,-0.023814178099254887,0.0,1.1,0.06478097476950215,-0.1257,1.9,0.18925077160682646,0.6492,4,0.057,0.649,0
SO_JALALAQSI,202411,0.5898,-0.017146158834970504,-1.0992,0.983,-0.017146158834970514,-0.5505,1.0813,-0.017146158834970643,-1.0459,1.8677,-0.017146158834970504,0.3408,4,-0.589,0.341,0
SO_JALALAQSI,202412,0.6,0.017146158834970504,-1.7837,1.0,0.017146158834970514,-1.1784,1.1,0.017146158834970643,-0.4323,1.9,0.017146158834970504,0.1623,4,-0.808,0.162,0
SO_JAMAAME,202401,,,,,,,,,,,,,0,,,0
SO_JAMAAME,202402,,,,,,,,,,,,,0,,,0
SO_JAMAAME,202403,,,,,,,,,,,,,0,,,0
SO_JAMAAME,202404,,,,,,,,,,,,,0,,,0
SO_JAMAAME,202405,,,,,,,,,,,,,0,,,0
SO_JAMAAME,202406,,,,,,,,,,,,,0,,,0
SO_JAMAAME,202407,,,,,,,,,,,,,0,,,0
SO_JAMAAME,202408,,,,,,,,,,,,,0,,,0
SO_JAMAAME,202409,,,,,,,,,,,,,0,,,0
SO_JAMAAME,202410,,,,,,,,,,,,,0,,,0
SO_JAMAAME,202411,,,,,,,,,,,,,0,,,0
SO_JAMAAME,202412,,,,,,,,,,,,,0,,,0
SO_JARIIBAN,202401,,,,,,,,,,,,,0,,,0
SO_JARIIBAN,202402,,,,,,,,,,,,,0,,,0
SO_JARIIBAN,202403,,,,,,,,,,,,,0,,,0
SO_JARIIBAN,202404,,,,,,,,,,,,,0,,,0
SO_JARIIBAN,202405,,,,,,,,,,,,,0,,,0
SO_JARIIBAN,202406,,,,,,,,,,,,,0,,,0
SO_JARIIBAN,202407,,,,,,,,,,,,,0,,,0
SO_JARIIBAN,202408,,,,,,,,,,,,,0,,,0
SO_JARIIBAN,202409,,,,,,,,,,,,,0,,,0
SO_JARIIBAN,202410,,,,,,,,,,,,,0,,,0
SO_JARIIBAN,202411,,,,,,,,,,,,,0,,,0
SO_JARIIBAN,202412,,,,,,,,,,,,,0,,,0
SO_JILIB,202401,,,,,,,,,,,,,0,,,0
SO_JILIB,202402,,,,,,,,,,,,,0,,,0
SO_JILIB,202403,,,,,,,,,,,,,0,,,0
SO_JILIB,202404,,,,,,,,,,,,,0,,,0
SO_JILIB,202405,,,,,,,,,,,,,0,,,0
SO_JILIB,202406,,,,,,,,,,,,,0,,,0
SO_JILIB,202407,,,,,,,,,,,,,0,,,0
SO_JILIB,202408,,,,,,,,,,,,,0,,,0
SO_JILIB,202409,,,,,,,,,,,,,0,,,0
SO_JILIB,202410,,,,,,,,,,,,,0,,,0
SO_JILIB,202411,,,,,,,,,,,,,0,,,0
SO_JILIB,202412,,,,,,,,,,,,,0,,,0
SO_JOWHAR,202401,1.0,,0.0,1.2355,,0.0,0.25,,-3.2071,1.4,,0.0,4,-0.802,0.0,0
SO_JOWHAR,202402,0.9379,-0.06411194546724429,0.0,0.9759,-0.23587090328124935,0.0,1.1793,1.5512154032336778,1.3654,1.2759,-0.09282042467565238,0.0,4,0.341,1.365,1
SO_JOWHAR,202403,0.7996,-0.1595317308886478,0.0,0.9,-0.08096535882310468,0.0,1.0992,-0.0703383996278395,0.5722,1.4678,0.14011286918326488,0.0,4,0.143,0.572,0
SO_JOWHAR,202404,0.75,-0.06403839609588882,-1.3833,0.908,0.008849615276982553,-0.2233,1.0,-0.0945826424859478,0.6126,1.5479,0.05313449246886942,-1.1833,4,-0.544,0.613,0
SO_JOWHAR,202405,0.75,0.0,-1.0749,0.85,-0.06600802911693121,-0.4106,1.0,0.0,0.1472,1.5,-0.03143406548953043,-1.2252,4,-0.641,0.147,0
SO_JOWHAR,202406,0.9246,0.20928800502376887,0.2886,0.978,0.14027332055045522,-0.094,1.0,0.0,0.1456,1.4767,-0.015655239610573246,-1.6104,4,-0.318,0.289,0
SO_JOWHAR,202407,0.75,-0.20928800502376887,-1.2109,0.95,-0.02904768544023084,1.3977,1.0,0.0,0.1432,1.4,-0.053337631876378244,-2.6415,4,-0.578,1.398,1
SO_JOWHAR,202408,0.75,0.0,-1.862,0.913,-0.03972610399961797,0.6347,1.0,0.0,0.0266,1.4,0.0,-2.0396,4,-0.81,0.635,0
SO_JOWHAR,202409,0.8588,0.1354628594742698,-0.5894,0.8662,-0.05262005181444224,-0.5902,1.0,0.0,0.1291,1.545,0.09855167372849583,-0.3187,4,-0.342,0.129,0
SO_JOWHAR,202410,0.784,-0.09112704565421809,-1.4555,0.84,-0.030713936943167014,-1.6161,1.0,0.0,0.2083,1.716,0.10497209071606178,1.7413,4,-0.28,1.741,1
SO_JOWHAR,202411,0.6503,-0.18697522547530174,-2.3495,0.8227,-0.020810277662474647,-2.062,1.0,0.0,-0.2278,1.8867,0.09483327016965981,2.5271,4,-0.528,2.527,1
SO_JOWHAR,202412,0.7064,0.08274785441464416,-1.8368,0.7936,-0.0360120582042216,-2.281,0.9678,-0.03272982462291888,1.7663,1.8196,-0.03621257452171833,1.6876,4,-0.166,1.766,2
SO_KISMAAYO,202401,0.5561,,0.0,0.6839,,-0.0171,0.5,,-0.9549,1.5,,0.0,4,-0.243,0.0,0
SO_KISMAAYO,202402,0.52,-0.06711932261804521,-0.922,0.7162,0.046147749460281995,0.2005,0.6897,0.3216486220150538,0.0346,1.5,0.0,0.1993,4,-0.122,0.2,0
SO_KISMAAYO,202403,0.52,0.0,0.0,0.7055,-0.015052686271463556,0.2266,0.72,0.0429944915728554,-0.4227,1.5,0.0,0.0,4,-0.049,0.227,0
SO_KISMAAYO,202404,0.524,0.007662872745569094,-1.2443,0.706,0.0007084662003732922,0.1381,0.7407,0.028344473009142612,-0.7322,1.48,-0.013423020332140712,-2.4973,4,-1.084,0.138,0
SO_KISMAAYO,202405,0.5861,0.11199873916134129,-0.5445,0.7292,0.03233280531126592,0.0994,0.7477,0.009406142986626342,-1.2316,1.2,-0.20972053098206908,-1.8925,4,-0.892,0.099,0
SO_KISMAAYO,202406,0.5783,-0.013397658318210826,-0.9615,0.7292,0.0,0.062,0.7617,0.018550949372872605,-0.9034,1.27,0.05669534367654533,-1.0808,4,-0.721,0.062,0
SO_KISMAAYO,202407,0.5467,-0.0561925592632192,-1.9908,0.72,-0.012696830794406977,-0.1029,0.7467,-0.019889279337086452,-0.3219,1.5667,0.2099545959468044,-0.6059,4,-0.755,-0.103,0
SO_KISMAAYO,202408,0.56,0.024036577828241534,-1.541,0.72,0.0,-0.0802,0.72,-0.03641228603155511,-0.1332,1.6967,0.07971369164945247,0.2429,4,-0.378,0.243,0
SO_KISMAAYO,202409,0.6149,0.09352286923022901,-0.1281,0.7773,0.07657516422607302,0.0079,0.7869,0.0888499635308368,-0.2621,1.8478,0.08531055418775102,0.731,4,0.087,0.731,0
SO_KISMAAYO,202410,0.5455,-0.11975684768629857,-0.592,0.8305,0.0662015528171756,0.1144,0.7305,-0.07437194435018352,-0.4822,1.8813,0.01796728498043998,0.9687,4,0.002,0.969,0
SO_KISMAAYO,202411,0.558,0.02265615710818558,-0.6959,0.8968,0.07680494270460063,0.5769,0.7174,-0.01809566609257196,-0.6128,1.7936,-0.04773825389918929,0.5426,4,-0.047,0.577,0
SO_KISMAAYO,202412,0.56,0.0035778213478839804,-0.8936,0.9,0.003561891566360567,0.7366,0.72,0.0036176469119186816,0.1778,1.8,0.0035618915663605533,0.1389,4,0.04,0.737,0
SO_KUNTUWAARAY,202401,,,,,,,,,,,,,0,,,0
SO_KUNTUWAARAY,202402,,,,,,,,,,,,,0,,,0
SO_KUNTUWAARAY,202403,,,,,,,,,,,,,0,,,0
SO_KUNTUWAARAY,202404,,,,,,,,,,,,,0,,,0
SO_KUNTUWAARAY,202405,,,,,,,,,,,,,0,,,0
SO_KUNTUWAARAY,202406,,,,,,,,,,,,,0,,,0
SO_KUNTUWAARAY,202407,,,,,,,,,,,,,0,,,0
SO_KUNTUWAARAY,202408,,,,,,,,,,,,,0,,,0
SO_KUNTUWAARAY,202409,,,,,,,,,,,,,0,,,0
SO_KUNTUWAARAY,202410,,,,,,,,,,,,,0,,,0
SO_KUNTUWAARAY,202411,,,,,,,,,,,,,0,,,0
SO_KUNTUWAARAY,202412,,,,,,,,,,,,,0,,,0
SO_LAAS_CAANOOD,202401,0.9323,,0.7646,0.9226,,1.5061,0.6645,,-2.432,1.7452,,0.1516,4,-0.002,1.506,1
SO_LAAS_CAANOOD,202402,0.9483,0.01701625658703379,0.8795,0.9241,0.0016245197702746544,1.4767,0.9862,0.39482429563672566,-0.2722,1.7207,-0.014137977490342735,-0.0393,4,0.511,1.477,1
SO_LAAS_CAANOOD,202403,0.7774,-0.198715889471559,-0.7384,0.8548,-0.07795276744900222,1.1689,1.0097,0.023549362220249698,0.0535,1.8161,0.05396015996534109,0.8879,4,0.343,1.169,1
SO_LAAS_CAANOOD,202404,0.7883,0.013923709647739785,2.1137,0.83,-0.029441822654348998,0.9487,1.0,-0.009653257028138346,2.54,1.7767,-0.0219336336825926,2.5289,4,2.033,2.54,3
SO_LAAS_CAANOOD,202405,0.8,0.014732999602064784,-1.252,0.9,0.0809690625336672,1.2518,1.0,0.0,0.7116,1.8,0.013028953842395774,-1.1727,4,-0.115,1.252,1
SO_LAAS_CAANOOD,202406,0.8,0.0,-1.207,0.9,0.0,1.1536,1.0,0.0,0.4547,1.8,0.0,-0.8709,4,-0.117,1.154,1
SO_LAAS_CAANOOD,202407,0.8,0.0,-0.5447,0.9,0.0,1.0415,1.0,0.0,0.0,1.7667,-0.018673265265621408,0.1845,4,0.17,1.042,1
SO_LAAS_CAANOOD,202408,0.8,0.0,-1.0532,0.9,0.0,1.0079,1.0,0.0,0.0,1.8,0.018673265265621408,0.4473,4,0.101,1.008,1
SO_LAAS_CAANOOD,202409,0.8,0.0,-1.0532,0.9,0.0,0.9991,1.0,0.0,0.3256,1.8,0.0,0.5921,4,0.216,0.999,0
SO_LAAS_CAANOOD,202410,0.8,0.0,-0.9767,0.9,0.0,1.0534,1.0,0.0,0.2801,1.804,0.0022197567383128725,0.6482,4,0.251,1.053,1
SO_LAAS_CAANOOD,202411,0.8,0.0,-1.0093,0.9,0.0,1.063,1.0,0.0,0.3618,1.82,0.008830079448272077,0.7479,4,0.291,1.063,1
SO_LAAS_CAANOOD,202412,0.8,0.0,-1.0532,0.9,0.0,0.9888,1.0,0.0,1.3013,1.8,-0.01104983618658495,0.6233,4,0.465,1.301,1
SO_LUGHAYA,202401,,,,,,,,,,,,,0,,,0
SO_LUGHAYA,202402,,,,,,,,,,,,,0,,,0
SO_LUGHAYA,202403,,,,,,,,,,,,,0,,,0
SO_LUGHAYA,202404,,,,,,,,,,,,,0,,,0
SO_LUGHAYA,202405,,,,,,,,,,,,,0,,,0
SO_LUGHAYA,202406,,,,,,,,,,,,,0,,,0
SO_LUGHAYA,202407,,,,,,,,,,,,,0,,,0
SO_LUGHAYA,202408,,,,,,,,,,,,,0,,,0
SO_LUGHAYA,202409,,,,,,,,,,,,,0,,,0
SO_LUGHAYA,202410,,,,,,,,,,,,,0,,,0
SO_LUGHAYA,202411,,,,,,,,,,,,,0,,,0
SO_LUGHAYA,202412,,,,,,,,,,,,,0,,,0
SO_LUUQ,202401,0.8,,0.8691,0.8135,,0.4179,0.3,,-2.8924,2.0677,,0.611,4,-0.249,0.869,0
SO_LUUQ,202402,0.8,0.0,0.6668,0.7962,-0.021495516092875644,0.2715,0.869,1.063560650609191,0.0384,2.0,-0.033289697864641865,0.1835,4,0.29,0.667,0
SO_LUUQ,202403,0.723,-0.10120250550916271,0.1227,0.8761,0.09562982910610127,0.9642,0.9963,0.1367052917854185,0.871,2.0,0.0,0.3826,4,0.585,0.964,0
SO_LUUQ,202404,0.7253,0.0031761402106019743,-1.1404,0.8627,-0.015413233589784997,-0.1693,0.986,-0.010392062448175136,0.1575,1.9533,-0.023626930631156284,-0.9452,4,-0.524,0.158,0
SO_LUUQ,202405,0.8,0.09802636529856074,-0.5665,0.9,0.04232775724177765,-0.4665,1.0,0.014098924379501648,-0.074,2.0,0.023626930631156284,-0.9831,4,-0.523,-0.074,0
SO_LUUQ,202406,0.7813,-0.02365252866522871,-0.3253,0.872,-0.03160533941533114,-1.333,0.986,-0.014098924379501648,-0.0344,1.9533,-0.023626930631156284,-0.9999,4,-0.673,-0.034,0
SO_LUUQ,202407,0.72,-0.08170798699259768,0.1195,0.8533,-0.021678238366440533,0.586,0.9533,-0.0337267051031029,-0.1115,1.8667,-0.04534808387237488,-0.3499,4,0.061,0.586,0
SO_LUUQ,202408,0.7105,-0.013282264472945615,-0.1914,0.8418,-0.013568729206068858,0.2432,0.9218,-0.03360136921312465,-0.3436,1.8523,-0.007744055909873815,-0.6903,4,-0.246,0.243,0
SO_LUUQ,202409,0.6855,-0.035820448534786276,-0.3586,0.8048,-0.04494865699099554,-0.0983,0.88,-0.04640637281415569,-0.5757,1.8,-0.02864144524442125,-0.9277,4,-0.49,-0.098,0
SO_LUUQ,202410,0.64,-0.06868032264865148,-0.8707,0.8288,0.029385072159743897,0.0723,0.8712,-0.010050335853501485,-0.6412,1.8132,0.0073065751824380465,-0.9156,4,-0.589,0.072,0
SO_LUUQ,202411,0.64,0.0,-2.1279,0.84,0.013423020332140656,-0.3318,0.86,-0.012939182371197289,-1.1599,1.83,0.009222726768772449,-1.5135,4,-1.283,-0.332,0
SO_LUUQ,202412,0.64,0.0,-1.7651,0.8207,-0.02324425720169329,-0.471,0.9275,0.0755604052340368,1.2086,1.8155,-0.007955054981076182,-1.3939,4,-0.605,1.209,1
SO_MARKA,202401,,,,,,,,,,,,,0,,,0
SO_MARKA,202402,,,,,,,,,,,,,0,,,0
SO_MARKA,202403,,,,,,,,,,,,,0,,,0
SO_MARKA,202404,,,,,,,,,,,,,0,,,0
SO_MARKA,202405,,,,,,,,,,,,,0,,,0
SO_MARKA,202406,,,,,,,,,,,,,0,,,0
SO_MARKA,202407,,,,,,,,,,,,,0,,,0
SO_MARKA,202408,,,,,,,,,,,,,0,,,0
SO_MARKA,202409,,,,,,,,,,,,,0,,,0
SO_MARKA,202410,,,,,,,,,,,,,0,,,0
SO_MARKA,202411,,,,,,,,,,,,,0,,,0
SO_MARKA,202412,,,,,,,,,,,,,0,,,0
SO_OODWEYNE,202401,,,,,,,,,,,,,0,,,0
SO_OODWEYNE,202402,,,,,,,,,,,,,0,,,0
SO_OODWEYNE,202403,,,,,,,,,,,,,0,,,0
SO_OODWEYNE,202404,,,,,,,,,,,,,0,,,0
SO_OODWEYNE,202405,,,,,,,,,,,,,0,,,0
SO_OODWEYNE,202406,,,,,,,,,,,,,0,,,0
SO_OODWEYNE,202407,,,,,,,,,,,,,0,,,0
SO_OODWEYNE,202408,,,,,,,,,,,,,0,,,0
SO_OODWEYNE,202409,,,,,,,,,,,,,0,,,0
SO_OODWEYNE,202410,,,,,,,,,,,,,0,,,0
SO_OODWEYNE,202411,,,,,,,,,,,,,0,,,0
SO_OODWEYNE,202412,,,,,,,,,,,,,0,,,0
SO_QANDALA,202401,,,,,,,,,,,,,0,,,0
SO_QANDALA,202402,,,,,,,,,,,,,0,,,0
SO_QANDALA,202403,,,,,,,,,,,,,0,,,0
SO_QANDALA,202404,,,,,,,,,,,,,0,,,0
SO_QANDALA,202405,,,,,,,,,,,,,0,,,0
SO_QANDALA,202406,,,,,,,,,,,,,0,,,0
SO_QANDALA,202407,,,,,,,,,,,,,0,,,0
SO_QANDALA,202408,,,,,,,,,,,,,0,,,0
SO_QANDALA,202409,,,,,,,,,,,,,0,,,0
SO_QANDALA,202410,,,,,,,,,,,,,0,,,0
SO_QANDALA,202411,,,,,,,,,,,,,0,,,0
SO_QANDALA,202412,,,,,,,,,,,,,0,,,0
SO_QANSAX_DHEERE,202401,1.0745,,-0.8059,1.12,,0.1809,1.0226,,-0.8587,2.5452,,-0.0638,4,-0.387,0.181,0
SO_QANSAX_DHEERE,202402,1.0455,-0.0273601972138768,-0.3028,1.1124,-0.0068088419293304975,0.2659,1.1724,0.13670452619083864,0.0679,2.4621,-0.03319458805486142,-0.2595,4,-0.057,0.266,0
SO_QANSAX_DHEERE,202403,1.0839,0.03607040795301595,-0.5891,1.091,-0.019425136526739037,-0.1403,1.1819,0.008070383181457419,-0.3878,2.4,-0.02554590696773873,-0.8074,4,-0.481,-0.14,0
SO_QANSAX_DHEERE,202404,1.0273,-0.053631646599486216,-0.8645,1.0783,-0.011708979945044079,-0.6308,1.1556,-0.022503623426114727,-0.7186,2.3423,-0.024335384737172783,-0.7304,4,-0.736,-0.631,0
SO_QANSAX_DHEERE,202405,1.14,0.10409426116632296,-0.2277,1.1239,0.04141905263619461,-0.3698,1.24,0.0704916900070024,-0.2153,2.6,0.10437809241070928,-0.3708,4,-0.296,-0.215,0
SO_QANSAX_DHEERE,202406,0.9883,-0.1427972460064029,-0.5918,1.036,-0.08143763570479293,-0.7867,1.1933,-0.03838880122347249,0.3446,2.5767,-0.009001934569284553,-0.181,4,-0.304,0.345,0
SO_QANSAX_DHEERE,202407,0.8933,-0.10106382467434478,-1.0299,0.96,-0.07618913835754651,-0.2853,1.04,-0.13750186524019167,-1.1387,1.8867,-0.3116802392227215,-1.5225,4,-0.994,-0.285,0
SO_QANSAX_DHEERE,202408,0.9585,0.07044709177790584,0.545,0.9741,0.014580683315028039,0.974,1.2615,0.19308077594569412,1.2938,1.8781,-0.004568643730675559,-1.1026,4,0.428,1.294,1
SO_QANSAX_DHEERE,202409,0.9614,0.0030209929741611477,0.8299,0.9759,0.0018461543705055282,1.2729,1.4034,0.10659637473707581,2.1044,2.0,0.06288655305519053,-0.8916,4,0.829,2.104,2
SO_QANSAX_DHEERE,202410,1.0,0.0393647235222767,1.0381,1.0,0.0243951568347216,1.3745,1.2,-0.15657630704209666,1.0419,2.5,0.22314355131420982,0.1769,4,0.908,1.374,3
SO_QANSAX_DHEERE,202411,1.0,0.0,0.4352,1.0,0.0,0.9151,1.0667,-0.11775178614465452,-0.4028,2.5,0.0,-0.0582,4,0.222,0.915,0
SO_QANSAX_DHEERE,202412,0.9871,-0.012983927558294786,0.4416,0.9871,-0.012983927558294786,0.4208,1.0,-0.06456977064930007,-0.5783,2.5,0.0,0.2081,4,0.123,0.442,0
SO_QARDHO,202401,0.8,,-1.6178,0.8,,0.4493,0.4,,-3.3171,1.4548,,1.8506,4,-0.659,1.851,1
SO_QARDHO,202402,0.8,0.0,-1.2932,0.8,0.0,0.4494,0.9172,0.8298610038757673,-1.0295,1.4759,0.014399539074896162,1.8038,4,-0.017,1.804,1
SO_QARDHO,202403,0.8,0.0,-1.2738,0.8,0.0,0.3768,1.0,0.08642972799838766,-0.7281,1.5226,0.031151426684381978,2.1331,4,0.127,2.133,1
SO_QARDHO,202404,0.7933,-0.00841026735997008,-1.1162,0.8117,0.014519086099202633,0.3873,1.0233,0.023032699110572784,-0.7107,1.6233,0.06404171444468709,2.2011,4,0.19,2.201,1
SO_QARDHO,202405,0.7806,-0.016138605561442726,-1.1915,0.8194,0.009441551345640758,0.4854,1.0226,-0.0006842954468110167,-0.5175,1.4403,-0.11960968911179498,0.9437,4,-0.07,0.944,0
SO_QARDHO,202406,0.8337,0.0658107706700532,-0.7512,0.8337,0.017301260303797,0.6837,1.0233,0.0006842954468110167,-0.4788,1.5153,0.05076201393711238,1.5567,4,0.253,1.557,1
SO_QARDHO,202407,0.8133,-0.02477358024383816,-1.2413,0.8133,-0.02477358024383816,0.3736,1.0333,0.009724865127599507,-0.6421,1.6333,0.07498906891697688,1.745,4,0.059,1.745,1
SO_QARDHO,202408,0.8096,-0.004559746639528489,-1.1388,0.8144,0.001351600623528737,0.3102,1.0,-0.03275756423817229,-0.7814,1.7519,0.07009840518268273,2.156,4,0.137,2.156,1
SO_QARDHO,202409,0.8031,-0.00806105933878451,-1.3841,0.801,-0.016590698727899034,0.0139,1.0724,0.06989912737966719,-0.4367,1.7,-0.030072662197468847,1.8109,4,0.001,1.811,1
SO_QARDHO,202410,0.7952,-0.009885583852052265,-1.4093,0.784,-0.021451926717951403,-0.1536,1.0,-0.06989912737966719,-0.8561,1.632,-0.0408219945202552,1.3381,4,-0.27,1.338,1
SO_QARDHO,202411,0.7743,-0.026634259949686462,-1.6941,0.7,-0.11332868530700327,-0.974,1.0,0.0,-0.849,1.8033,0.09981206318917374,2.0095,4,-0.377,2.01,1
SO_QARDHO,202412,0.7832,0.011428695823622798,-1.6178,0.7636,0.08696375680818785,-0.3423,1.0,0.0,-0.088,1.4136,-0.24347867770773934,0.3555,4,-0.423,0.356,0
SO_QORYOOLEY,202401,,,,,,,,,,,,,0,,,0
SO_QORYOOLEY,202402,,,,,,,,,,,,,0,,,0
SO_QORYOOLEY,202403,,,,,,,,,,,,,0,,,0
SO_QORYOOLEY,202404,,,,,,,,,,,,,0,,,0
SO_QORYOOLEY,202405,,,,,,,,,,,,,0,,,0
SO_QORYOOLEY,202406,,,,,,,,,,,,,0,,,0
SO_QORYOOLEY,202407,,,,,,,,,,,,,0,,,0
SO_QORYOOLEY,202408,,,,,,,,,,,,,0,,,0
SO_QORYOOLEY,202409,,,,,,,,,,,,,0,,,0
SO_QORYOOLEY,202410,,,,,,,,,,,,,0,,,0
SO_QORYOOLEY,202411,,,,,,,,,,,,,0,,,0
SO_QORYOOLEY,202412,,,,,,,,,,,,,0,,,0
SO_RAB_DHUURE,202401,1.3129,,,1.371,,,0.8,,,2.0,,,0,,,0
SO_RAB_DHUURE,202402,1.2379,-0.05882203540230008,,1.3483,-0.016695860922285477,,1.4034,0.562041415150261,,2.1,0.04879016416943205,,0,,,0
SO_RAB_DHUURE,202403,1.3903,0.1161031556377331,,1.6806,0.22030633285408902,,1.5,0.06656724427211314,,2.2,0.04652001563489294,,0,,,0
SO_RAB_DHUURE,202404,1.3233,-0.049390934396494,,1.53,-0.0938831371076368,,1.5067,0.004456720716941254,,2.2533,0.0239384480136684,,0,,,0
SO_RAB_DHUURE,202405,1.3,-0.017764352329375566,,1.6,0.04473589384139154,,1.6,0.060081800420629994,,2.3,0.020513314557165208,,0,,,0
SO_RAB_DHUURE,202406,1.2767,-0.018085640623323018,,1.4367,-0.10765481221119927,,1.5533,-0.02962192923401119,,2.3,0.0,,0,,,0
SO_RAB_DHUURE,202407,1.2067,-0.05638926274674991,,1.3667,-0.04994974204591862,,1.3333,-0.15272462787244878,,2.3,0.0,,0,,,0
SO_RAB_DHUURE,202408,1.2,-0.005567804303463542,,1.4,0.024073161632595153,,1.3322,-0.0008253611423336138,,2.4,0.042559614418795966,,0,,,0
SO_RAB_DHUURE,202409,1.1952,-0.004008021397538752,,1.4386,0.027198181829905965,,1.3303,-0.0014272302892190392,,2.329,-0.03002974645169587,,0,,,0
SO_RAB_DHUURE,202410,1.2336,0.03162318843051218,,1.4504,0.008168962007385316,,1.4,0.05106775591348989,,2.3504,0.009146535535271894,,0,,,0
SO_RAB_DHUURE,202411,1.1867,-0.03876037813797159,,1.3333,-0.08418230831922852,,1.3733,-0.01925563406711378,,2.12,-0.1031694377535547,,0,,,0
SO_RAB_DHUURE,202412,1.0989,-0.07686666621821511,,1.2682,-0.05005849985548147,,1.3218,-0.03822215849988364,,2.1,-0.009478743954543845,,0,,,0
SO_SAAKOW,202401,,,,,,,,,,,,,0,,,0
SO_SAAKOW,202402,,,,,,,,,,,,,0,,,0
SO_SAAKOW,202403,,,,,,,,,,,,,0,,,0
SO_SAAKOW,202404,,,,,,,,,,,,,0,,,0
SO_SAAKOW,202405,,,,,,,,,,,,,0,,,0
SO_SAAKOW,202406,,,,,,,,,,,,,0,,,0
SO_SAAKOW,202407,,,,,,,,,,,,,0,,,0
SO_SAAKOW,202408,,,,,,,,,,,,,0,,,0
SO_SAAKOW,202409,,,,,,,,,,,,,0,,,0
SO_SAAKOW,202410,,,,,,,,,,,,,0,,,0
SO_SAAKOW,202411,,,,,,,,,,,,,0,,,0
SO_SAAKOW,202412,,,,,,,,,,,,,0,,,0
SO_SABLALE,202401,,,,,,,,,,,,,0,,,0
SO_SABLALE,202402,,,,,,,,,,,,,0,,,0
SO_SABLALE,202403,,,,,,,,,,,,,0,,,0
SO_SABLALE,202404,,,,,,,,,,,,,0,,,0
SO_SABLALE,202405,,,,,,,,,,,,,0,,,0
SO_SABLALE,202406,,,,,,,,,,,,,0,,,0
SO_SABLALE,202407,,,,,,,,,,,,,0,,,0
SO_SABLALE,202408,,,,,,,,,,,,,0,,,0
SO_SABLALE,202409,,,,,,,,,,,,,0,,,0
SO_SABLALE,202410,,,,,,,,,,,,,0,,,0
SO_SABLALE,202411,,,,,,,,,,,,,0,,,0
SO_SABLALE,202412,,,,,,,,,,,,,0,,,0
SO_SHEEKH,202401,,,,,,,,,,,,,0,,,0
SO_SHEEKH,202402,,,,,,,,,,,,,0,,,0
SO_SHEEKH,202403,,,,,,,,,,,,,0,,,0
SO_SHEEKH,202404,,,,,,,,,,,,,0,,,0
SO_SHEEKH,202405,,,,,,,,,,,,,0,,,0
SO_SHEEKH,202406,,,,,,,,,,,,,0,,,0
SO_SHEEKH,202407,,,,,,,,,,,,,0,,,0
SO_SHEEKH,202408,,,,,,,,,,,,,0,,,0
SO_SHEEKH,202409,,,,,,,,,,,,,0,,,0
SO_SHEEKH,202410,,,,,,,,,,,,,0,,,0
SO_SHEEKH,202411,,,,,,,,,,,,,0,,,0
SO_SHEEKH,202412,,,,,,,,,,,,,0,,,0
SO_TALEEX,202401,1.0,,,0.7,,,1.0452,,,1.6452,,,0,,,0
SO_TALEEX,202402,0.9379,-0.06411194546724429,,0.8483,0.19215401177028452,,1.1724,0.11484467519028012,,1.6,-0.027858328128396337,,0,,,0
SO_TALEEX,202403,0.7984,-0.16103360851763854,,0.8097,-0.046570538121620486,,1.0871,-0.07553932962678281,,1.7129,0.06818421127606661,,0,,,0
SO_TALEEX,202404,0.7767,-0.027555549571652627,,0.81,0.00037043897441588203,,1.0467,-0.037871242349116555,,1.6333,-0.04758533244484575,,0,,,0
SO_TALEEX,202405,0.8,0.029557552242325758,,0.9468,0.15605362997334432,,1.0839,0.034923289960866216,,1.7694,0.08003799799019207,,0,,,0
SO_TALEEX,202406,0.8467,0.05673471298030419,,0.93,-0.017903291492527167,,1.2167,0.115576627971699,,2.01,0.1274942160038357,,0,,,0
SO_TALEEX,202407,1.0,0.16640883833390552,,0.9167,-0.0144043211795718,,1.2,-0.013820719017311661,,2.0333,0.011525366863174735,,0,,,0
SO_TALEEX,202408,1.2963,0.2595140526238601,,1.0,0.08697501401440717,,1.5,0.2231435513142098,,2.5481,0.22568789447345328,,0,,,0
SO_TALEEX,202409,0.9655,-0.29462322973742805,,0.9034,-0.10158985576163329,,1.2103,-0.21459684534574336,,2.3345,-0.08755024797875766,,0,,,0
SO_TALEEX,202410,0.716,-0.29896593490792356,,0.8,-0.12155369555257642,,1.0,-0.19086826276242103,,2.272,-0.027137234569949764,,0,,,0
SO_TALEEX,202411,0.7683,0.07050011491294367,,0.8467,0.05673471298030419,,1.0233,0.023032699110572784,,2.3,0.012248622076199034,,0,,,0
SO_TALEEX,202412,0.7,-0.09309994683018463,,0.8,-0.05673471298030419,,1.0,-0.023032699110572784,,2.2841,-0.006937049262652706,,0,,,0
SO_TIYEEGLOW,202401,,,,,,,,,,,,,0,,,0
SO_TIYEEGLOW,202402,,,,,,,,,,,,,0,,,0
SO_TIYEEGLOW,202403,,,,,,,,,,,,,0,,,0
SO_TIYEEGLOW,202404,,,,,,,,,,,,,0,,,0
SO_TIYEEGLOW,202405,,,,,,,,,,,,,0,,,0
SO_TIYEEGLOW,202406,,,,,,,,,,,,,0,,,0
SO_TIYEEGLOW,202407,,,,,,,,,,,,,0,,,0
SO_TIYEEGLOW,202408,,,,,,,,,,,,,0,,,0
SO_TIYEEGLOW,202409,,,,,,,,,,,,,0,,,0
SO_TIYEEGLOW,202410,,,,,,,,,,,,,0,,,0
SO_TIYEEGLOW,202411,,,,,,,,,,,,,0,,,0
SO_TIYEEGLOW,202412,,,,,,,,,,,,,0,,,0
SO_WAJID,202401,,,,,,,,,,,,,0,,,0
SO_WAJID,202402,,,,,,,,,,,,,0,,,0
SO_WAJID,202403,,,,,,,,,,,,,0,,,0
SO_WAJID,202404,,,,,,,,,,,,,0,,,0
SO_WAJID,202405,,,,,,,,,,,,,0,,,0
SO_WAJID,202406,,,,,,,,,,,,,0,,,0
SO_WAJID,202407,,,,,,,,,,,,,0,,,0
SO_WAJID,202408,,,,,,,,,,,,,0,,,0
SO_WAJID,202409,,,,,,,,,,,,,0,,,0
SO_WAJID,202410,,,,,,,,,,,,,0,,,0
SO_WAJID,202411,,,,,,,,,,,,,0,,,0
SO_WAJID,202412,,,,,,,,,,,,,0,,,0
SO_WANLA_WEYN,202401,,,,,,,,,,,,,0,,,0
SO_WANLA_WEYN,202402,,,,,,,,,,,,,0,,,0
SO_WANLA_WEYN,202403,,,,,,,,,,,,,0,,,0
SO_WANLA_WEYN,202404,,,,,,,,,,,,,0,,,0
SO_WANLA_WEYN,202405,,,,,,,,,,,,,0,,,0
SO_WANLA_WEYN,202406,,,,,,,,,,,,,0,,,0
SO_WANLA_WEYN,202407,,,,,,,,,,,,,0,,,0
SO_WANLA_WEYN,202408,,,,,,,,,,,,,0,,,0
SO_WANLA_WEYN,202409,,,,,,,,,,,,,0,,,0
SO_WANLA_WEYN,202410,,,,,,,,,,,,,0,,,0
SO_WANLA_WEYN,202411,,,,,,,,,,,,,0,,,0
SO_WANLA_WEYN,202412,,,,,,,,,,,,,0,,,0
SO_XARARDHEERE,202401,,,,,,,,,,,,,0,,,0
SO_XARARDHEERE,202402,,,,,,,,,,,,,0,,,0
SO_XARARDHEERE,202403,,,,,,,,,,,,,0,,,0
SO_XARARDHEERE,202404,,,,,,,,,,,,,0,,,0
SO_XARARDHEERE,202405,,,,,,,,,,,,,0,,,0
SO_XARARDHEERE,202406,,,,,,,,,,,,,0,,,0
SO_XARARDHEERE,202407,,,,,,,,,,,,,0,,,0
SO_XARARDHEERE,202408,,,,,,,,,,,,,0,,,0
SO_XARARDHEERE,202409,,,,,,,,,,,,,0,,,0
SO_XARARDHEERE,202410,,,,,,,,,,,,,0,,,0
SO_XARARDHEERE,202411,,,,,,,,,,,,,0,,,0
SO_XARARDHEERE,202412,,,,,,,,,,,,,0,,,0
SO_XUDUN,202401,0.8574,,,0.8048,,,0.7,,,1.7226,,,0,,,0
SO_XUDUN,202402,0.9,0.04849020916043398,,0.8762,0.08500057603432337,,0.9966,0.35326915080389965,,1.7621,0.022671502219611672,,0,,,0
SO_XUDUN,202403,0.8274,-0.08410650929699962,,0.8323,-0.05140142262774858,,1.0774,0.07795652439912906,,1.7548,-0.004151389282626039,,0,,,0
SO_XUDUN,202404,0.8467,0.02305818662092038,,0.8467,0.01715348789618204,,1.0,-0.07455073126429625,,1.5233,-0.1414758561494034,,0,,,0
SO_XUDUN,202405,0.9452,0.11005010466452128,,0.9613,0.12694009442353898,,1.0,0.0,,1.5226,-0.00045963427054329653,,0,,,0
SO_XUDUN,202406,0.93,-0.016211959165451137,,1.1233,0.15573952557575302,,1.0,0.0,,1.5,-0.014954291781810736,,0,,,0
SO_XUDUN,202407,1.0,0.07257069283483537,,1.0667,-0.051701011016086415,,1.0,0.0,,1.5,0.0,,0,,,0
SO_XUDUN,202408,1.0,0.0,,1.2,0.11775178614465452,,1.0,0.0,,1.5,0.0,,0,,,0
SO_XUDUN,202409,1.0,0.0,,1.0552,-0.1285912343729869,,1.0966,0.09221448398781106,,1.3069,-0.13780718748731124,,0,,,0
SO_XUDUN,202410,1.0,0.0,,1.0,-0.05373032242096771,,1.144,0.04231640896979501,,1.296,-0.008375322690770182,,0,,,0
SO_XUDUN,202411,1.0,0.0,,1.0,0.0,,1.2,0.04779066383634853,,1.54,0.17249981849545487,,0,,,0
SO_XUDUN,202412,1.0,0.0,,1.0,0.0,,1.1364,-0.05445618579605871,,1.2318,-0.22330590215473198,,0,,,0
SO_XUDUR,202401,0.9426,,-0.534,0.9819,,-0.3995,0.85,,0.0,2.0677,,1.6766,4,0.186,1.677,1
SO_XUDUR,202402,0.9393,-0.0035070974891607334,-0.5501,0.9614,-0.021098914715384158,-0.4083,1.1517,0.30375804119049954,0.0,2.0,-0.033289697864641865,1.3475,4,0.097,1.348,1
SO_XUDUR,202403,1.0645,0.12512556733306443,1.2796,0.9639,0.0025969993300620914,-0.4261,1.2903,0.11363563778293867,0.0,2.0,0.0,1.1853,4,0.51,1.28,2
SO_XUDUR,202404,0.9477,-0.11622248785738498,-0.5546,1.1167,0.14714563166182398,0.0756,1.246,-0.0349363291104019,0.0,1.9333,-0.0339187932036259,0.6731,4,0.049,0.673,0
SO_XUDUR,202405,0.88,-0.07411608900389702,-2.1389,1.0,-0.11037790746960939,-0.548,1.1871,-0.04842506228791013,-0.1609,1.8387,-0.05016958717866071,0.068,4,-0.695,0.068,0
SO_XUDUR,202406,0.8613,-0.021479031677124255,-1.9685,0.9627,-0.038013442198216174,-0.7308,1.1813,-0.004897831105014072,0.215,2.0,0.08408838038228661,0.1912,4,-0.573,0.215,0
SO_XUDUR,202407,0.76,-0.12512444251475116,-3.2554,0.91,-0.056297237273025116,-0.8942,1.0467,-0.12097316909363616,-1.6774,2.0,0.0,0.4697,4,-1.339,0.47,0
SO_XUDUR,202408,0.6904,-0.09604729351115854,-3.3019,0.8504,-0.06773777248315753,-1.0794,1.0104,-0.03529606582455677,-1.6004,1.8519,-0.07693504147412233,0.2361,4,-1.436,0.236,0
SO_XUDUR,202409,0.7283,0.05344191145465116,-2.3882,0.8786,0.03262290451394101,-0.9674,1.0579,0.04593951895644762,-0.8503,1.9448,0.04894700493395365,0.3218,4,-0.971,0.322,0
SO_XUDUR,202410,0.72,-0.011461839213768421,-2.1498,0.8,-0.0937180038737519,-1.2382,1.12,0.05704287429641138,-0.2897,2.0,0.02798803654016868,1.0287,4,-0.662,1.029,1
SO_XUDUR,202411,0.76,0.0540672212702758,-1.873,0.8,0.0,-1.1927,1.12,0.0,-1.3911,2.0,0.0,1.0795,4,-0.844,1.08,1
SO_XUDUR,202412,0.8055,0.0581447693366523,-1.4516,0.8,0.0,-1.1454,1.12,0.0,0.778,2.0,0.0,0.6977,4,-0.28,0.778,0
SO_ZEYLAC,202401,,,,,,,,,,,,,0,,,0
SO_ZEYLAC,202402,,,,,,,,,,,,,0,,,0
SO_ZEYLAC,202403,,,,,,,,,,,,,0,,,0
SO_ZEYLAC,202404,,,,,,,,,,,,,0,,,0
SO_ZEYLAC,202405,,,,,,,,,,,,,0,,,0
SO_ZEYLAC,202406,,,,,,,,,,,,,0,,,0
SO_ZEYLAC,202407,,,,,,,,,,,,,0,,,0
SO_ZEYLAC,202408,,,,,,,,,,,,,0,,,0
SO_ZEYLAC,202409,,,,,,,,,,,,,0,,,0
SO_ZEYLAC,202410,,,,,,,,,,,,,0,,,0
SO_ZEYLAC,202411,,,,,,,,,,,,,0,,,0
SO_ZEYLAC,202412,,,,,,,,,,,,,0,,,0
