location_id,time_id,rainfall_mean_mm,vegetation_health_index_mean
SO_AADAN,202401,2.44,45.98
SO_AADAN,202402,1.38,45.47
SO_AADAN,202403,12.5,52.04
SO_AADAN,202404,99.05,58.68
SO_AADAN,202405,57.94,53.36
SO_AADAN,202406,5.98,52.0
SO_AADAN,202407,23.59,46.21
SO_AADAN,202408,20.39,46.32
SO_AADAN,202409,1.47,44.06
SO_AADAN,202410,24.07,34.58
SO_AADAN,202411,46.62,32.28
SO_AADAN,202412,5.12,26.49
SO_AFGOOYE,202401,1.26,44.16
SO_AFGOOYE,202402,0.64,43.47
SO_AFGOOYE,202403,4.28,43.49
SO_AFGOOYE,202404,124.9,54.35
SO_AFGOOYE,202405,39.59,51.57
SO_AFGOOYE,202406,66.69,43.83
SO_AFGOOYE,202407,17.68,40.87
SO_AFGOOYE,202408,17.65,35.44
SO_AFGOOYE,202409,6.37,34.29
SO_AFGOOYE,202410,14.8,25.81
SO_AFGOOYE,202411,109.04,23.46
SO_AFGOOYE,202412,4.62,22.16
SO_AFMADOW,202401,2.44,48.36
SO_AFMADOW,202402,5.67,39.92
SO_AFMADOW,202403,17.85,42.06
SO_AFMADOW,202404,219.31,59.47
SO_AFMADOW,202405,48.39,48.71
SO_AFMADOW,202406,29.92,37.72
SO_AFMADOW,202407,35.07,39.66
SO_AFMADOW,202408,25.17,43.06
SO_AFMADOW,202409,15.42,38.57
SO_AFMADOW,202410,14.78,23.48
SO_AFMADOW,202411,190.83,28.23
SO_AFMADOW,202412,6.49,29.64
SO_BAAR_DHEERE,202401,1.51,51.02
SO_BAAR_DHEERE,202402,2.85,44.25
SO_BAAR_DHEERE,202403,16.24,46.4
SO_BAAR_DHEERE,202404,249.4,66.67
SO_BAAR_DHEERE,202405,23.35,49.64
SO_BAAR_DHEERE,202406,7.98,37.62
SO_BAAR_DHEERE,202407,16.67,51.34
SO_BAAR_DHEERE,202408,18.11,61.45
SO_BAAR_DHEERE,202409,6.8,49.45
SO_BAAR_DHEERE,202410,16.8,28.62
SO_BAAR_DHEERE,202411,176.3,31.92
SO_BAAR_DHEERE,202412,4.5,28.21
SO_BADHAADHE,202401,5.99,60.9
SO_BADHAADHE,202402,3.42,54.91
SO_BADHAADHE,202403,18.43,54.09
SO_BADHAADHE,202404,171.51,59.97
SO_BADHAADHE,202405,114.57,46.53
SO_BADHAADHE,202406,33.45,43.29
SO_BADHAADHE,202407,37.35,45.48
SO_BADHAADHE,202408,34.57,44.3
SO_BADHAADHE,202409,21.1,38.28
SO_BADHAADHE,202410,16.44,30.3
SO_BADHAADHE,202411,152.5,36.84
SO_BADHAADHE,202412,21.74,43.17
SO_BADHAN,202401,0.34,49.72
SO_BADHAN,202402,1.02,43.07
SO_BADHAN,202403,5.61,39.37
SO_BADHAN,202404,20.62,42.74
SO_BADHAN,202405,34.01,45.81
SO_BADHAN,202406,6.3,43.62
SO_BADHAN,202407,1.35,46.52
SO_BADHAN,202408,9.14,46.58
SO_BADHAN,202409,11.67,41.49
SO_BADHAN,202410,16.64,34.3
SO_BADHAN,202411,2.87,34.87
SO_BADHAN,202412,3.08,39.41
SO_BAKI,202401,4.41,43.47
SO_BAKI,202402,2.19,39.15
SO_BAKI,202403,14.53,47.52
SO_BAKI,202404,58.02,53.22
SO_BAKI,202405,9.56,42.26
SO_BAKI,202406,3.91,37.78
SO_BAKI,202407,33.62,51.42
SO_BAKI,202408,57.05,60.65
SO_BAKI,202409,21.24,55.93
SO_BAKI,202410,65.13,52.6
SO_BAKI,202411,8.21,45.15
SO_BAKI,202412,3.65,42.08
SO_BALCAD,202401,1.47,44.18
SO_BALCAD,202402,0.87,45.84
SO_BALCAD,202403,5.39,45.42
SO_BALCAD,202404,105.31,50.4
SO_BALCAD,202405,41.74,46.83
SO_BALCAD,202406,52.02,48.21
SO_BALCAD,202407,19.29,46.2
SO_BALCAD,202408,23.06,37.51
SO_BALCAD,202409,4.5,33.74
SO_BALCAD,202410,15.13,28.12
SO_BALCAD,202411,80.18,26.12
SO_BALCAD,202412,5.22,25.38
SO_BANADIR,202401,0.64,26.41
SO_BANADIR,202402,0.91,32.86
SO_BANADIR,202403,1.99,41.24
SO_BANADIR,202404,81.95,44.02
SO_BANADIR,202405,24.03,30.98
SO_BANADIR,202406,75.54,22.29
SO_BANADIR,202407,26.98,22.33
SO_BANADIR,202408,35.7,21.69
SO_BANADIR,202409,8.74,22.99
SO_BANADIR,202410,9.74,23.27
SO_BANADIR,202411,66.88,19.07
SO_BANADIR,202412,4.71,20.33
SO_BANDER_BEYLA,202401,1.13,48.63
SO_BANDER_BEYLA,202402,0.35,44.34
SO_BANDER_BEYLA,202403,1.68,44.87
SO_BANDER_BEYLA,202404,10.47,50.17
SO_BANDER_BEYLA,202405,48.28,58.27
SO_BANDER_BEYLA,202406,1.02,58.05
SO_BANDER_BEYLA,202407,0.16,60.75
SO_BANDER_BEYLA,202408,2.97,65.84
SO_BANDER_BEYLA,202409,3.84,59.18
SO_BANDER_BEYLA,202410,11.21,42.69
SO_BANDER_BEYLA,202411,13.13,32.41
SO_BANDER_BEYLA,202412,7.24,29.15
SO_BARAAWE,202401,0.45,41.92
SO_BARAAWE,202402,0.41,42.83
SO_BARAAWE,202403,2.47,45.39
SO_BARAAWE,202404,138.74,46.04
SO_BARAAWE,202405,37.95,42.93
SO_BARAAWE,202406,112.72,41.94
SO_BARAAWE,202407,40.13,46.11
SO_BARAAWE,202408,30.38,42.98
SO_BARAAWE,202409,10.77,33.42
SO_BARAAWE,202410,11.1,27.06
SO_BARAAWE,202411,68.06,28.22
SO_BARAAWE,202412,1.77,34.95
SO_BAYDHABA,202401,1.33,54.13
SO_BAYDHABA,202402,1.22,54.11
SO_BAYDHABA,202403,6.11,54.26
SO_BAYDHABA,202404,245.66,66.4
SO_BAYDHABA,202405,61.75,57.24
SO_BAYDHABA,202406,9.71,41.78
SO_BAYDHABA,202407,24.08,45.69
SO_BAYDHABA,202408,24.39,51.02
SO_BAYDHABA,202409,5.53,52.3
SO_BAYDHABA,202410,35.15,36.08
SO_BAYDHABA,202411,113.54,38.8
SO_BAYDHABA,202412,2.2,36.23
SO_BELET_WEYNE,202401,0.97,66.8
SO_BELET_WEYNE,202402,0.73,64.66
SO_BELET_WEYNE,202403,3.72,55.7
SO_BELET_WEYNE,202404,115.95,66.01
SO_BELET_WEYNE,202405,93.9,73.32
SO_BELET_WEYNE,202406,2.06,64.96
SO_BELET_WEYNE,202407,6.71,58.36
SO_BELET_WEYNE,202408,8.35,59.25
SO_BELET_WEYNE,202409,2.57,56.36
SO_BELET_WEYNE,202410,21.46,45.05
SO_BELET_WEYNE,202411,49.83,40.88
SO_BELET_WEYNE,202412,1.11,34.51
SO_BELET_XAAWO,202401,1.24,48.31
SO_BELET_XAAWO,202402,1.97,46.86
SO_BELET_XAAWO,202403,7.55,46.49
SO_BELET_XAAWO,202404,218.48,62.59
SO_BELET_XAAWO,202405,28.28,56.98
SO_BELET_XAAWO,202406,2.92,49.78
SO_BELET_XAAWO,202407,5.86,63.02
SO_BELET_XAAWO,202408,13.11,65.9
SO_BELET_XAAWO,202409,1.64,56.01
SO_BELET_XAAWO,202410,17.67,29.87
SO_BELET_XAAWO,202411,65.31,28.29
SO_BELET_XAAWO,202412,2.56,19.0
SO_BERBERA,202401,3.45,52.39
SO_BERBERA,202402,0.88,49.04
SO_BERBERA,202403,6.83,54.03
SO_BERBERA,202404,103.7,55.99
SO_BERBERA,202405,30.99,46.39
SO_BERBERA,202406,1.41,45.24
SO_BERBERA,202407,5.2,52.21
SO_BERBERA,202408,11.79,53.81
SO_BERBERA,202409,9.88,47.08
SO_BERBERA,202410,134.14,39.46
SO_BERBERA,202411,7.93,41.39
SO_BERBERA,202412,4.99,42.33
SO_BORAMA,202401,3.1,49.13
SO_BORAMA,202402,2.9,42.53
SO_BORAMA,202403,21.98,42.42
SO_BORAMA,202404,69.18,49.36
SO_BORAMA,202405,17.42,42.05
SO_BORAMA,202406,12.43,34.19
SO_BORAMA,202407,92.39,54.75
SO_BORAMA,202408,153.36,71.27
SO_BORAMA,202409,59.35,68.85
SO_BORAMA,202410,65.38,65.5
SO_BORAMA,202411,6.71,55.22
SO_BORAMA,202412,2.83,49.8
SO_BOSSASO,202401,0.39,58.71
SO_BOSSASO,202402,0.68,54.05
SO_BOSSASO,202403,2.1,51.66
SO_BOSSASO,202404,16.17,51.85
SO_BOSSASO,202405,21.51,52.66
SO_BOSSASO,202406,4.4,49.02
SO_BOSSASO,202407,0.86,53.8
SO_BOSSASO,202408,8.22,56.0
SO_BOSSASO,202409,8.99,53.22
SO_BOSSASO,202410,12.84,42.41
SO_BOSSASO,202411,1.56,41.09
SO_BOSSASO,202412,6.54,41.53
SO_BUAALE,202401,1.23,50.24
SO_BUAALE,202402,2.05,40.75
SO_BUAALE,202403,14.32,44.93
SO_BUAALE,202404,267.65,64.47
SO_BUAALE,202405,43.89,49.73
SO_BUAALE,202406,46.17,34.86
SO_BUAALE,202407,40.81,31.53
SO_BUAALE,202408,25.01,36.52
SO_BUAALE,202409,14.32,44.24
SO_BUAALE,202410,19.24,31.32
SO_BUAALE,202411,212.52,32.81
SO_BUAALE,202412,4.28,34.47
SO_BULO_BURTO,202401,1.82,57.46
SO_BULO_BURTO,202402,0.97,60.28
SO_BULO_BURTO,202403,5.29,59.8
SO_BULO_BURTO,202404,102.1,70.99
SO_BULO_BURTO,202405,82.17,72.65
SO_BULO_BURTO,202406,3.02,58.82
SO_BULO_BURTO,202407,12.95,54.35
SO_BULO_BURTO,202408,13.77,57.15
SO_BULO_BURTO,202409,2.44,58.66
SO_BULO_BURTO,202410,21.72,43.36
SO_BULO_BURTO,202411,51.75,37.23
SO_BULO_BURTO,202412,1.64,30.89
SO_BURCO,202401,1.83,63.43
SO_BURCO,202402,2.07,53.79
SO_BURCO,202403,6.43,48.76
SO_BURCO,202404,66.26,57.2
SO_BURCO,202405,67.26,60.21
SO_BURCO,202406,7.38,46.74
SO_BURCO,202407,7.87,35.91
SO_BURCO,202408,12.98,48.22
SO_BURCO,202409,13.09,63.32
SO_BURCO,202410,42.96,52.24
SO_BURCO,202411,7.27,43.93
SO_BURCO,202412,1.65,39.17
SO_BURTINLE,202401,1.06,39.67
SO_BURTINLE,202402,1.13,36.06
SO_BURTINLE,202403,3.03,45.13
SO_BURTINLE,202404,23.14,53.33
SO_BURTINLE,202405,105.25,60.24
SO_BURTINLE,202406,1.33,46.71
SO_BURTINLE,202407,0.11,36.87
SO_BURTINLE,202408,0.93,45.03
SO_BURTINLE,202409,4.29,44.89
SO_BURTINLE,202410,77.03,42.46
SO_BURTINLE,202411,4.11,36.71
SO_BURTINLE,202412,0.74,29.41
SO_BUUHOODLE,202401,0.91,54.0
SO_BUUHOODLE,202402,1.2,54.2
SO_BUUHOODLE,202403,4.78,48.19
SO_BUUHOODLE,202404,46.96,57.1
SO_BUUHOODLE,202405,67.66,71.21
SO_BUUHOODLE,202406,1.68,58.52
SO_BUUHOODLE,202407,2.58,48.6
SO_BUUHOODLE,202408,2.0,53.46
SO_BUUHOODLE,202409,6.41,59.71
SO_BUUHOODLE,202410,81.83,54.83
SO_BUUHOODLE,202411,3.35,51.22
SO_BUUHOODLE,202412,2.9,40.59
SO_BUUR_XAKABA,202401,0.94,51.82
SO_BUUR_XAKABA,202402,1.08,50.67
SO_BUUR_XAKABA,202403,6.49,55.83
SO_BUUR_XAKABA,202404,216.55,67.69
SO_BUUR_XAKABA,202405,47.16,56.98
SO_BUUR_XAKABA,202406,25.4,38.4
SO_BUUR_XAKABA,202407,23.58,36.86
SO_BUUR_XAKABA,202408,24.22,42.8
SO_BUUR_XAKABA,202409,8.28,47.38
SO_BUUR_XAKABA,202410,20.31,31.46
SO_BUUR_XAKABA,202411,115.24,30.27
SO_BUUR_XAKABA,202412,2.03,28.89
SO_CABUDWAAQ,202401,1.18,58.77
SO_CABUDWAAQ,202402,1.7,52.84
SO_CABUDWAAQ,202403,3.79,40.85
SO_CABUDWAAQ,202404,115.96,47.61
SO_CABUDWAAQ,202405,109.89,61.46
SO_CABUDWAAQ,202406,1.26,56.12
SO_CABUDWAAQ,202407,2.63,49.92
SO_CABUDWAAQ,202408,3.63,44.35
SO_CABUDWAAQ,202409,4.52,34.68
SO_CABUDWAAQ,202410,31.61,31.08
SO_CABUDWAAQ,202411,14.56,30.13
SO_CABUDWAAQ,202412,0.86,26.05
SO_CADAADO,202401,2.06,65.42
SO_CADAADO,202402,0.74,66.33
SO_CADAADO,202403,3.68,54.78
SO_CADAADO,202404,92.91,53.84
SO_CADAADO,202405,68.29,59.64
SO_CADAADO,202406,1.6,50.18
SO_CADAADO,202407,1.52,45.71
SO_CADAADO,202408,2.24,48.35
SO_CADAADO,202409,3.2,42.04
SO_CADAADO,202410,22.75,36.04
SO_CADAADO,202411,8.4,30.79
SO_CADAADO,202412,0.51,28.11
SO_CADALE,202401,1.91,47.67
SO_CADALE,202402,1.43,48.02
SO_CADALE,202403,7.16,47.66
SO_CADALE,202404,89.8,50.91
SO_CADALE,202405,48.25,47.14
SO_CADALE,202406,18.64,47.02
SO_CADALE,202407,25.1,41.94
SO_CADALE,202408,23.41,35.84
SO_CADALE,202409,1.96,36.89
SO_CADALE,202410,18.88,30.35
SO_CADALE,202411,53.91,29.74
SO_CADALE,202412,5.8,27.74
SO_CALAWLA,202401,2.49,56.29
SO_CALAWLA,202402,0.31,52.93
SO_CALAWLA,202403,3.72,53.48
SO_CALAWLA,202404,8.4,49.5
SO_CALAWLA,202405,10.52,48.84
SO_CALAWLA,202406,1.03,52.02
SO_CALAWLA,202407,0.46,55.72
SO_CALAWLA,202408,4.98,54.82
SO_CALAWLA,202409,4.44,47.39
SO_CALAWLA,202410,3.42,42.67
SO_CALAWLA,202411,33.53,43.65
SO_CALAWLA,202412,11.7,44.45
SO_CAYNABO,202401,1.84,55.39
SO_CAYNABO,202402,1.32,52.85
SO_CAYNABO,202403,4.35,52.74
SO_CAYNABO,202404,72.82,61.89
SO_CAYNABO,202405,55.78,67.63
SO_CAYNABO,202406,4.52,50.62
SO_CAYNABO,202407,4.62,38.82
SO_CAYNABO,202408,5.47,51.61
SO_CAYNABO,202409,11.67,59.34
SO_CAYNABO,202410,44.34,47.82
SO_CAYNABO,202411,8.64,43.64
SO_CAYNABO,202412,1.71,37.43
SO_CEEL_AFWEIN,202401,2.6,52.82
SO_CEEL_AFWEIN,202402,1.47,47.89
SO_CEEL_AFWEIN,202403,5.34,48.04
SO_CEEL_AFWEIN,202404,76.2,59.41
SO_CEEL_AFWEIN,202405,83.5,66.44
SO_CEEL_AFWEIN,202406,5.2,56.02
SO_CEEL_AFWEIN,202407,3.15,50.83
SO_CEEL_AFWEIN,202408,7.54,57.43
SO_CEEL_AFWEIN,202409,23.81,59.91
SO_CEEL_AFWEIN,202410,63.72,47.76
SO_CEEL_AFWEIN,202411,6.55,42.82
SO_CEEL_AFWEIN,202412,2.72,39.61
SO_CEEL_BARDE,202401,0.72,58.87
SO_CEEL_BARDE,202402,0.97,58.21
SO_CEEL_BARDE,202403,4.95,54.66
SO_CEEL_BARDE,202404,163.61,68.29
SO_CEEL_BARDE,202405,62.42,70.54
SO_CEEL_BARDE,202406,1.01,57.12
SO_CEEL_BARDE,202407,12.87,58.02
SO_CEEL_BARDE,202408,28.86,60.51
SO_CEEL_BARDE,202409,5.96,52.99
SO_CEEL_BARDE,202410,56.25,40.66
SO_CEEL_BARDE,202411,41.88,40.63
SO_CEEL_BARDE,202412,0.63,31.57
SO_CEEL_BUUR,202401,3.37,46.03
SO_CEEL_BUUR,202402,1.14,49.5
SO_CEEL_BUUR,202403,6.49,48.44
SO_CEEL_BUUR,202404,98.62,53.89
SO_CEEL_BUUR,202405,71.91,58.81
SO_CEEL_BUUR,202406,1.14,53.69
SO_CEEL_BUUR,202407,5.24,53.14
SO_CEEL_BUUR,202408,2.66,54.32
SO_CEEL_BUUR,202409,1.67,48.6
SO_CEEL_BUUR,202410,20.2,36.66
SO_CEEL_BUUR,202411,25.54,34.94
SO_CEEL_BUUR,202412,3.03,27.44
SO_CEEL_DHEER,202401,3.4,41.41
SO_CEEL_DHEER,202402,1.49,42.93
SO_CEEL_DHEER,202403,11.04,45.67
SO_CEEL_DHEER,202404,100.02,50.06
SO_CEEL_DHEER,202405,66.67,46.22
SO_CEEL_DHEER,202406,5.35,40.22
SO_CEEL_DHEER,202407,17.99,37.78
SO_CEEL_DHEER,202408,18.56,42.54
SO_CEEL_DHEER,202409,1.39,41.77
SO_CEEL_DHEER,202410,24.9,36.53
SO_CEEL_DHEER,202411,41.97,33.36
SO_CEEL_DHEER,202412,4.37,26.39
SO_CEEL_WAAQ,202401,1.41,48.49
SO_CEEL_WAAQ,202402,2.64,43.34
SO_CEEL_WAAQ,202403,13.5,43.19
SO_CEEL_WAAQ,202404,234.47,60.36
SO_CEEL_WAAQ,202405,16.8,50.23
SO_CEEL_WAAQ,202406,5.64,39.32
SO_CEEL_WAAQ,202407,11.08,51.98
SO_CEEL_WAAQ,202408,19.81,63.98
SO_CEEL_WAAQ,202409,4.3,48.71
SO_CEEL_WAAQ,202410,13.87,26.53
SO_CEEL_WAAQ,202411,98.93,26.94
SO_CEEL_WAAQ,202412,4.4,21.02
SO_CEERIGAABO,202401,2.17,51.27
SO_CEERIGAABO,202402,1.78,44.58
SO_CEERIGAABO,202403,15.38,40.77
SO_CEERIGAABO,202404,29.83,46.78
SO_CEERIGAABO,202405,57.45,55.1
SO_CEERIGAABO,202406,9.61,47.46
SO_CEERIGAABO,202407,2.86,41.08
SO_CEERIGAABO,202408,14.62,42.15
SO_CEERIGAABO,202409,27.41,45.59
SO_CEERIGAABO,202410,32.31,38.77
SO_CEERIGAABO,202411,3.42,34.17
SO_CEERIGAABO,202412,1.73,35.03
SO_DHUUSAMAREEB,202401,2.34,63.08
SO_DHUUSAMAREEB,202402,0.94,60.54
SO_DHUUSAMAREEB,202403,7.29,51.22
SO_DHUUSAMAREEB,202404,98.6,51.36
SO_DHUUSAMAREEB,202405,83.98,60.3
SO_DHUUSAMAREEB,202406,0.94,51.88
SO_DHUUSAMAREEB,202407,3.88,46.84
SO_DHUUSAMAREEB,202408,1.76,48.84
SO_DHUUSAMAREEB,202409,1.98,42.18
SO_DHUUSAMAREEB,202410,21.7,33.48
SO_DHUUSAMAREEB,202411,13.3,30.83
SO_DHUUSAMAREEB,202412,0.65,27.97
SO_DIINSOOR,202401,1.02,51.67
SO_DIINSOOR,202402,1.41,47.04
SO_DIINSOOR,202403,14.89,50.41
SO_DIINSOOR,202404,236.09,70.67
SO_DIINSOOR,202405,32.16,59.69
SO_DIINSOOR,202406,20.15,42.75
SO_DIINSOOR,202407,22.85,45.7
SO_DIINSOOR,202408,16.92,49.59
SO_DIINSOOR,202409,7.36,47.46
SO_DIINSOOR,202410,17.45,27.24
SO_DIINSOOR,202411,192.4,33.56
SO_DIINSOOR,202412,3.12,38.87
SO_DOOLOW,202401,0.96,52.0
SO_DOOLOW,202402,1.47,52.66
SO_DOOLOW,202403,5.35,50.18
SO_DOOLOW,202404,197.58,59.71
SO_DOOLOW,202405,38.52,64.84
SO_DOOLOW,202406,0.84,58.6
SO_DOOLOW,202407,0.23,59.22
SO_DOOLOW,202408,0.67,58.99
SO_DOOLOW,202409,1.25,53.58
SO_DOOLOW,202410,22.89,34.0
SO_DOOLOW,202411,60.97,20.86
SO_DOOLOW,202412,1.0,16.48
SO_EYL,202401,2.92,57.57
SO_EYL,202402,0.52,53.18
SO_EYL,202403,2.89,57.07
SO_EYL,202404,15.44,55.06
SO_EYL,202405,96.18,51.71
SO_EYL,202406,1.19,44.1
SO_EYL,202407,0.06,43.24
SO_EYL,202408,0.49,46.46
SO_EYL,202409,2.76,40.24
SO_EYL,202410,53.73,40.95
SO_EYL,202411,8.61,34.54
SO_EYL,202412,1.79,33.71
SO_GAALKACYO,202401,0.49,63.76
SO_GAALKACYO,202402,0.65,61.13
SO_GAALKACYO,202403,2.34,53.56
SO_GAALKACYO,202404,53.01,54.8
SO_GAALKACYO,202405,54.97,59.92
SO_GAALKACYO,202406,1.76,44.04
SO_GAALKACYO,202407,0.53,35.47
SO_GAALKACYO,202408,0.65,41.21
SO_GAALKACYO,202409,2.23,41.78
SO_GAALKACYO,202410,22.04,35.4
SO_GAALKACYO,202411,4.42,25.84
SO_GAALKACYO,202412,1.02,25.43
SO_GABILEY,202401,1.63,37.69
SO_GABILEY,202402,2.07,34.66
SO_GABILEY,202403,17.34,39.57
SO_GABILEY,202404,84.54,46.69
SO_GABILEY,202405,24.86,38.77
SO_GABILEY,202406,19.67,34.09
SO_GABILEY,202407,93.45,50.71
SO_GABILEY,202408,129.75,64.44
SO_GABILEY,202409,54.82,68.02
SO_GABILEY,202410,60.15,65.29
SO_GABILEY,202411,12.66,57.79
SO_GABILEY,202412,1.4,54.92
SO_GARBAHAARAY,202401,1.37,49.51
SO_GARBAHAARAY,202402,1.35,47.02
SO_GARBAHAARAY,202403,11.12,49.93
SO_GARBAHAARAY,202404,199.11,73.75
SO_GARBAHAARAY,202405,30.79,67.33
SO_GARBAHAARAY,202406,3.54,52.43
SO_GARBAHAARAY,202407,7.3,62.42
SO_GARBAHAARAY,202408,14.99,66.92
SO_GARBAHAARAY,202409,1.86,56.18
SO_GARBAHAARAY,202410,27.49,33.56
SO_GARBAHAARAY,202411,99.83,35.29
SO_GARBAHAARAY,202412,3.98,28.05
SO_GAROOWE,202401,1.56,38.5
SO_GAROOWE,202402,0.7,34.58
SO_GAROOWE,202403,2.83,39.29
SO_GAROOWE,202404,16.81,48.58
SO_GAROOWE,202405,93.25,55.6
SO_GAROOWE,202406,1.03,46.03
SO_GAROOWE,202407,0.11,48.85
SO_GAROOWE,202408,1.14,52.62
SO_GAROOWE,202409,3.58,45.36
SO_GAROOWE,202410,90.57,40.66
SO_GAROOWE,202411,4.64,37.52
SO_GAROOWE,202412,0.35,34.6
SO_GOLDOGOB,202401,0.29,69.04
SO_GOLDOGOB,202402,0.89,68.6
SO_GOLDOGOB,202403,3.01,59.58
SO_GOLDOGOB,202404,60.73,60.4
SO_GOLDOGOB,202405,59.2,61.19
SO_GOLDOGOB,202406,1.51,44.07
SO_GOLDOGOB,202407,0.34,40.27
SO_GOLDOGOB,202408,0.43,47.07
SO_GOLDOGOB,202409,2.96,40.91
SO_GOLDOGOB,202410,27.45,39.6
SO_GOLDOGOB,202411,4.0,32.5
SO_GOLDOGOB,202412,2.45,28.26
SO_HARGEYSA,202401,1.94,51.74
SO_HARGEYSA,202402,2.33,40.36
SO_HARGEYSA,202403,9.22,42.17
SO_HARGEYSA,202404,82.12,46.93
SO_HARGEYSA,202405,44.86,43.14
SO_HARGEYSA,202406,14.87,37.83
SO_HARGEYSA,202407,69.76,39.28
SO_HARGEYSA,202408,81.09,50.92
SO_HARGEYSA,202409,39.87,61.29
SO_HARGEYSA,202410,64.71,57.36
SO_HARGEYSA,202411,19.96,51.4
SO_HARGEYSA,202412,1.12,48.44
SO_HOBYO,202401,0.96,49.62
SO_HOBYO,202402,0.71,48.18
SO_HOBYO,202403,7.63,47.82
SO_HOBYO,202404,54.71,52.64
SO_HOBYO,202405,48.08,52.66
SO_HOBYO,202406,1.42,43.69
SO_HOBYO,202407,2.9,42.71
SO_HOBYO,202408,1.81,48.43
SO_HOBYO,202409,2.18,41.88
SO_HOBYO,202410,15.94,30.29
SO_HOBYO,202411,7.06,25.67
SO_HOBYO,202412,2.82,23.44
SO_ISKUSHUBAN,202401,0.65,52.65
SO_ISKUSHUBAN,202402,0.25,48.01
SO_ISKUSHUBAN,202403,2.2,46.64
SO_ISKUSHUBAN,202404,8.21,44.93
SO_ISKUSHUBAN,202405,23.17,48.35
SO_ISKUSHUBAN,202406,1.14,53.22
SO_ISKUSHUBAN,202407,0.41,58.58
SO_ISKUSHUBAN,202408,4.81,59.91
SO_ISKUSHUBAN,202409,2.87,55.25
SO_ISKUSHUBAN,202410,3.96,42.39
SO_ISKUSHUBAN,202411,11.08,33.28
SO_ISKUSHUBAN,202412,3.61,32.26
SO_JALALAQSI,202401,2.21,57.02
SO_JALALAQSI,202402,1.27,62.96
SO_JALALAQSI,202403,3.39,66.16
SO_JALALAQSI,202404,98.99,71.66
SO_JALALAQSI,202405,54.18,69.09
SO_JALALAQSI,202406,6.14,60.81
SO_JALALAQSI,202407,12.5,50.35
SO_JALALAQSI,202408,11.19,50.89
SO_JALALAQSI,202409,2.13,61.45
SO_JALALAQSI,202410,15.32,46.35
SO_JALALAQSI,202411,52.7,37.05
SO_JALALAQSI,202412,1.74,32.59
SO_JAMAAME,202401,1.26,45.43
SO_JAMAAME,202402,2.06,48.2
SO_JAMAAME,202403,11.01,51.58
SO_JAMAAME,202404,138.94,53.46
SO_JAMAAME,202405,69.72,48.39
SO_JAMAAME,202406,65.62,36.29
SO_JAMAAME,202407,48.22,41.04
SO_JAMAAME,202408,32.65,42.99
SO_JAMAAME,202409,16.49,38.64
SO_JAMAAME,202410,9.41,30.59
SO_JAMAAME,202411,50.41,29.22
SO_JAMAAME,202412,6.8,31.05
SO_JARIIBAN,202401,1.07,55.43
SO_JARIIBAN,202402,0.73,52.36
SO_JARIIBAN,202403,4.58,57.88
SO_JARIIBAN,202404,26.45,58.13
SO_JARIIBAN,202405,72.98,51.77
SO_JARIIBAN,202406,1.59,41.36
SO_JARIIBAN,202407,0.64,39.21
SO_JARIIBAN,202408,0.12,44.49
SO_JARIIBAN,202409,2.02,42.17
SO_JARIIBAN,202410,29.42,33.06
SO_JARIIBAN,202411,7.49,24.61
SO_JARIIBAN,202412,1.89,25.63
SO_JILIB,202401,1.39,50.41
SO_JILIB,202402,1.86,47.33
SO_JILIB,202403,10.05,42.91
SO_JILIB,202404,218.77,51.24
SO_JILIB,202405,63.85,47.78
SO_JILIB,202406,71.3,43.01
SO_JILIB,202407,57.95,47.76
SO_JILIB,202408,32.22,40.17
SO_JILIB,202409,15.25,32.06
SO_JILIB,202410,14.83,22.18
SO_JILIB,202411,120.35,23.49
SO_JILIB,202412,6.57,32.57
SO_JOWHAR,202401,1.88,52.58
SO_JOWHAR,202402,1.54,53.9
SO_JOWHAR,202403,5.13,58.96
SO_JOWHAR,202404,101.83,63.12
SO_JOWHAR,202405,50.11,60.51
SO_JOWHAR,202406,12.86,52.15
SO_JOWHAR,202407,13.02,43.22
SO_JOWHAR,202408,9.29,39.45
SO_JOWHAR,202409,2.92,45.53
SO_JOWHAR,202410,16.61,37.16
SO_JOWHAR,202411,65.17,35.26
SO_JOWHAR,202412,3.16,32.7
SO_KISMAAYO,202401,2.56,45.09
SO_KISMAAYO,202402,2.54,37.81
SO_KISMAAYO,202403,14.7,39.1
SO_KISMAAYO,202404,131.08,51.9
SO_KISMAAYO,202405,109.02,44.51
SO_KISMAAYO,202406,49.51,35.89
SO_KISMAAYO,202407,52.29,36.72
SO_KISMAAYO,202408,32.09,38.66
SO_KISMAAYO,202409,17.2,35.39
SO_KISMAAYO,202410,14.6,22.94
SO_KISMAAYO,202411,110.59,29.11
SO_KISMAAYO,202412,17.28,31.06
SO_KUNTUWAARAY,202401,0.78,60.46
SO_KUNTUWAARAY,202402,0.68,54.01
SO_KUNTUWAARAY,202403,7.56,50.17
SO_KUNTUWAARAY,202404,151.2,65.05
SO_KUNTUWAARAY,202405,31.8,55.19
SO_KUNTUWAARAY,202406,78.78,45.72
SO_KUNTUWAARAY,202407,28.66,44.89
SO_KUNTUWAARAY,202408,34.62,46.68
SO_KUNTUWAARAY,202409,11.41,41.61
SO_KUNTUWAARAY,202410,20.74,35.26
SO_KUNTUWAARAY,202411,103.76,34.55
SO_KUNTUWAARAY,202412,2.59,36.48
SO_LAAS_CAANOOD,202401,0.95,40.09
SO_LAAS_CAANOOD,202402,0.62,39.23
SO_LAAS_CAANOOD,202403,2.37,38.57
SO_LAAS_CAANOOD,202404,19.38,45.83
SO_LAAS_CAANOOD,202405,60.08,60.0
SO_LAAS_CAANOOD,202406,0.8,51.54
SO_LAAS_CAANOOD,202407,0.18,48.38
SO_LAAS_CAANOOD,202408,0.6,51.61
SO_LAAS_CAANOOD,202409,6.95,47.55
SO_LAAS_CAANOOD,202410,53.5,44.46
SO_LAAS_CAANOOD,202411,3.87,39.55
SO_LAAS_CAANOOD,202412,1.65,35.29
SO_LUGHAYA,202401,5.31,38.11
SO_LUGHAYA,202402,2.5,32.73
SO_LUGHAYA,202403,14.92,36.25
SO_LUGHAYA,202404,26.7,50.47
SO_LUGHAYA,202405,3.11,42.08
SO_LUGHAYA,202406,0.51,38.72
SO_LUGHAYA,202407,10.22,44.0
SO_LUGHAYA,202408,9.9,42.12
SO_LUGHAYA,202409,5.25,47.39
SO_LUGHAYA,202410,38.11,38.39
SO_LUGHAYA,202411,6.82,31.09
SO_LUGHAYA,202412,4.22,30.93
SO_LUUQ,202401,0.88,51.94
SO_LUUQ,202402,0.88,54.5
SO_LUUQ,202403,6.21,56.49
SO_LUUQ,202404,212.84,69.55
SO_LUUQ,202405,36.77,64.63
SO_LUUQ,202406,2.81,50.6
SO_LUUQ,202407,2.75,58.5
SO_LUUQ,202408,7.47,59.9
SO_LUUQ,202409,1.84,53.2
SO_LUUQ,202410,38.87,39.63
SO_LUUQ,202411,86.92,36.27
SO_LUUQ,202412,1.96,29.76
SO_MARKA,202401,0.98,51.37
SO_MARKA,202402,0.24,52.63
SO_MARKA,202403,3.34,57.35
SO_MARKA,202404,90.65,62.98
SO_MARKA,202405,21.86,52.95
SO_MARKA,202406,84.77,44.22
SO_MARKA,202407,21.58,45.21
SO_MARKA,202408,29.48,46.7
SO_MARKA,202409,7.47,46.68
SO_MARKA,202410,7.33,39.21
SO_MARKA,202411,58.09,30.87
SO_MARKA,202412,3.21,30.94
SO_OODWEYNE,202401,2.29,68.4
SO_OODWEYNE,202402,2.78,52.25
SO_OODWEYNE,202403,10.2,48.18
SO_OODWEYNE,202404,58.8,53.14
SO_OODWEYNE,202405,48.53,55.57
SO_OODWEYNE,202406,7.67,48.97
SO_OODWEYNE,202407,26.66,42.4
SO_OODWEYNE,202408,40.58,53.8
SO_OODWEYNE,202409,20.88,64.49
SO_OODWEYNE,202410,52.62,56.14
SO_OODWEYNE,202411,14.95,47.35
SO_OODWEYNE,202412,1.84,43.1
SO_QANDALA,202401,0.55,64.52
SO_QANDALA,202402,0.73,56.37
SO_QANDALA,202403,3.02,51.93
SO_QANDALA,202404,16.33,47.19
SO_QANDALA,202405,20.73,47.41
SO_QANDALA,202406,3.6,50.74
SO_QANDALA,202407,1.36,56.69
SO_QANDALA,202408,12.11,59.71
SO_QANDALA,202409,9.69,57.3
SO_QANDALA,202410,10.74,46.32
SO_QANDALA,202411,3.38,41.55
SO_QANDALA,202412,8.5,42.85
SO_QANSAX_DHEERE,202401,1.38,55.32
SO_QANSAX_DHEERE,202402,1.37,51.69
SO_QANSAX_DHEERE,202403,13.94,51.96
SO_QANSAX_DHEERE,202404,242.84,70.67
SO_QANSAX_DHEERE,202405,23.43,62.47
SO_QANSAX_DHEERE,202406,7.05,49.17
SO_QANSAX_DHEERE,202407,14.42,55.34
SO_QANSAX_DHEERE,202408,15.17,62.22
SO_QANSAX_DHEERE,202409,2.82,60.36
SO_QANSAX_DHEERE,202410,25.99,39.16
SO_QANSAX_DHEERE,202411,163.2,37.67
SO_QANSAX_DHEERE,202412,4.07,36.19
SO_QARDHO,202401,0.2,40.65
SO_QARDHO,202402,0.78,32.95
SO_QARDHO,202403,3.68,34.04
SO_QARDHO,202404,15.15,36.94
SO_QARDHO,202405,58.14,42.43
SO_QARDHO,202406,2.23,40.36
SO_QARDHO,202407,0.54,46.16
SO_QARDHO,202408,4.31,49.95
SO_QARDHO,202409,4.39,43.69
SO_QARDHO,202410,18.86,34.62
SO_QARDHO,202411,4.92,29.11
SO_QARDHO,202412,1.76,25.24
SO_QORYOOLEY,202401,0.98,47.65
SO_QORYOOLEY,202402,0.51,46.22
SO_QORYOOLEY,202403,6.53,45.69
SO_QORYOOLEY,202404,145.09,61.26
SO_QORYOOLEY,202405,33.1,54.41
SO_QORYOOLEY,202406,79.55,41.65
SO_QORYOOLEY,202407,22.04,41.23
SO_QORYOOLEY,202408,32.03,39.17
SO_QORYOOLEY,202409,8.93,36.24
SO_QORYOOLEY,202410,18.86,23.91
SO_QORYOOLEY,202411,97.6,22.88
SO_QORYOOLEY,202412,2.85,24.09
SO_RAB_DHUURE,202401,0.39,58.66
SO_RAB_DHUURE,202402,0.81,64.06
SO_RAB_DHUURE,202403,5.47,62.03
SO_RAB_DHUURE,202404,267.41,67.29
SO_RAB_DHUURE,202405,36.38,59.48
SO_RAB_DHUURE,202406,0.93,55.62
SO_RAB_DHUURE,202407,1.58,58.44
SO_RAB_DHUURE,202408,6.92,57.26
SO_RAB_DHUURE,202409,4.52,54.16
SO_RAB_DHUURE,202410,62.45,38.78
SO_RAB_DHUURE,202411,48.14,34.84
SO_RAB_DHUURE,202412,1.04,28.91
SO_SAAKOW,202401,0.86,51.61
SO_SAAKOW,202402,2.46,43.04
SO_SAAKOW,202403,11.1,44.47
SO_SAAKOW,202404,270.34,65.04
SO_SAAKOW,202405,32.18,47.04
SO_SAAKOW,202406,22.52,31.44
SO_SAAKOW,202407,26.26,37.54
SO_SAAKOW,202408,13.61,42.67
SO_SAAKOW,202409,10.56,43.01
SO_SAAKOW,202410,19.03,28.15
SO_SAAKOW,202411,200.6,33.64
SO_SAAKOW,202412,3.23,34.64
SO_SABLALE,202401,0.81,59.17
SO_SABLALE,202402,0.93,52.67
SO_SABLALE,202403,8.6,48.63
SO_SABLALE,202404,236.43,63.05
SO_SABLALE,202405,35.3,54.69
SO_SABLALE,202406,85.23,44.96
SO_SABLALE,202407,38.98,43.18
SO_SABLALE,202408,24.08,44.08
SO_SABLALE,202409,12.47,42.13
SO_SABLALE,202410,23.54,29.9
SO_SABLALE,202411,159.11,34.61
SO_SABLALE,202412,3.22,40.84
SO_SHEEKH,202401,2.42,66.11
SO_SHEEKH,202402,3.17,56.58
SO_SHEEKH,202403,21.37,52.18
SO_SHEEKH,202404,139.54,59.11
SO_SHEEKH,202405,41.49,53.37
SO_SHEEKH,202406,11.5,47.56
SO_SHEEKH,202407,27.42,52.27
SO_SHEEKH,202408,63.94,63.29
SO_SHEEKH,202409,25.23,62.94
SO_SHEEKH,202410,91.93,57.09
SO_SHEEKH,202411,12.04,52.94
SO_SHEEKH,202412,5.31,52.48
SO_TALEEX,202401,0.64,46.36
SO_TALEEX,202402,1.04,37.67
SO_TALEEX,202403,3.66,36.78
SO_TALEEX,202404,17.66,46.74
SO_TALEEX,202405,42.31,60.21
SO_TALEEX,202406,3.25,52.85
SO_TALEEX,202407,0.68,54.12
SO_TALEEX,202408,2.05,52.42
SO_TALEEX,202409,6.52,47.07
SO_TALEEX,202410,35.48,43.05
SO_TALEEX,202411,5.41,41.88
SO_TALEEX,202412,0.33,42.41
SO_TIYEEGLOW,202401,0.64,61.21
SO_TIYEEGLOW,202402,0.86,59.75
SO_TIYEEGLOW,202403,3.66,56.81
SO_TIYEEGLOW,202404,142.29,72.58
SO_TIYEEGLOW,202405,85.79,70.72
SO_TIYEEGLOW,202406,4.95,58.36
SO_TIYEEGLOW,202407,33.29,54.01
SO_TIYEEGLOW,202408,27.39,55.88
SO_TIYEEGLOW,202409,5.72,61.54
SO_TIYEEGLOW,202410,28.78,43.24
SO_TIYEEGLOW,202411,46.89,40.53
SO_TIYEEGLOW,202412,0.88,32.49
SO_WAJID,202401,0.63,59.49
SO_WAJID,202402,0.85,63.56
SO_WAJID,202403,5.2,60.33
SO_WAJID,202404,266.1,73.58
SO_WAJID,202405,45.09,59.97
SO_WAJID,202406,5.23,44.14
SO_WAJID,202407,12.86,49.35
SO_WAJID,202408,17.12,56.31
SO_WAJID,202409,6.45,56.62
SO_WAJID,202410,54.77,39.03
SO_WAJID,202411,65.93,39.51
SO_WAJID,202412,1.48,35.12
SO_WANLA_WEYN,202401,1.55,56.63
SO_WANLA_WEYN,202402,1.02,58.72
SO_WANLA_WEYN,202403,6.22,58.18
SO_WANLA_WEYN,202404,115.81,58.38
SO_WANLA_WEYN,202405,58.6,56.52
SO_WANLA_WEYN,202406,20.79,42.89
SO_WANLA_WEYN,202407,12.87,35.84
SO_WANLA_WEYN,202408,12.14,35.82
SO_WANLA_WEYN,202409,5.29,43.59
SO_WANLA_WEYN,202410,19.58,30.38
SO_WANLA_WEYN,202411,81.68,28.41
SO_WANLA_WEYN,202412,2.18,25.91
SO_XARARDHEERE,202401,3.15,44.36
SO_XARARDHEERE,202402,1.74,44.11
SO_XARARDHEERE,202403,11.27,41.11
SO_XARARDHEERE,202404,76.36,44.56
SO_XARARDHEERE,202405,62.07,44.96
SO_XARARDHEERE,202406,3.67,44.49
SO_XARARDHEERE,202407,17.16,45.86
SO_XARARDHEERE,202408,13.23,47.55
SO_XARARDHEERE,202409,1.12,40.13
SO_XARARDHEERE,202410,8.2,31.44
SO_XARARDHEERE,202411,15.22,29.33
SO_XARARDHEERE,202412,9.04,26.03
SO_XUDUN,202401,1.31,49.11
SO_XUDUN,202402,0.47,43.85
SO_XUDUN,202403,1.38,45.34
SO_XUDUN,202404,32.72,56.14
SO_XUDUN,202405,48.8,64.18
SO_XUDUN,202406,1.95,45.88
SO_XUDUN,202407,1.24,40.68
SO_XUDUN,202408,1.6,48.39
SO_XUDUN,202409,5.81,52.63
SO_XUDUN,202410,38.31,47.54
SO_XUDUN,202411,4.37,36.27
SO_XUDUN,202412,1.57,29.48
SO_XUDUR,202401,0.45,59.44
SO_XUDUR,202402,0.53,60.33
SO_XUDUR,202403,3.25,58.19
SO_XUDUR,202404,180.36,73.14
SO_XUDUR,202405,60.83,66.8
SO_XUDUR,202406,1.14,51.97
SO_XUDUR,202407,12.05,48.48
SO_XUDUR,202408,19.11,49.17
SO_XUDUR,202409,12.21,53.3
SO_XUDUR,202410,60.93,40.64
SO_XUDUR,202411,21.14,38.69
SO_XUDUR,202412,0.67,31.35
SO_ZEYLAC,202401,5.15,34.25
SO_ZEYLAC,202402,3.64,29.26
SO_ZEYLAC,202403,17.24,39.41
SO_ZEYLAC,202404,25.72,52.05
SO_ZEYLAC,202405,3.95,45.49
SO_ZEYLAC,202406,1.73,36.97
SO_ZEYLAC,202407,23.59,47.03
SO_ZEYLAC,202408,33.2,56.58
SO_ZEYLAC,202409,11.72,58.28
SO_ZEYLAC,202410,26.87,46.98
SO_ZEYLAC,202411,10.06,40.82
SO_ZEYLAC,202412,4.54,37.03
